Fecha,Granja,Tanque,Gen,Lote,PesoMedio,Num,Biomasa,Edad,EdadMeses,Talla_100,Talla_500
05 - optima,Lira_P,Optima,Optima,Optima,NA,420000,21000,Optima,NA,aa.0 - 100,a.0 - 300
05 - optima,Lira_P,Optima,Optima,Optima,NA,146666.6667,22000,Optima,NA,ab.100 - 200,a.0 - 300
05 - optima,Lira_P,Optima,Optima,Optima,NA,80000,20000,Optima,NA,ac.200 - 300,a.0 - 300
05 - optima,Lira_P,Optima,Optima,Optima,NA,62857.14286,22000,Optima,NA,ad.300 - 400,b.300 - 400
05 - optima,Lira_P,Optima,Optima,Optima,NA,55555.55556,25000,Optima,NA,ae.400 - 500,c.400 - 600
05 - optima,Lira_P,Optima,Optima,Optima,NA,54545.45455,30000,Optima,NA,af.500 - 600,c.400 - 600
05 - optima,Lira_P,Optima,Optima,Optima,NA,52307.69231,34000,Optima,NA,ag.600 - 700,d.600 - 800
05 - optima,Lira_P,Optima,Optima,Optima,NA,50666.66667,38000,Optima,NA,ah.700 - 800,d.600 - 800
05 - optima,Lira_P,Optima,Optima,Optima,NA,47058.82353,40000,Optima,NA,ai.800 - 900,e.800 - 1000
05 - optima,Lira_P,Optima,Optima,Optima,NA,50526.31579,48000,Optima,NA,aj.900 - 1000,e.800 - 1000
05 - optima,Lira_P,Optima,Optima,Optima,NA,61904.7619,65000,Optima,NA,ak.1000 - 1100,f.1000 - 1500
05 - optima,Lira_P,Optima,Optima,Optima,NA,53043.47826,61000,Optima,NA,al.1100 - 1200,f.1000 - 1500
05 - optima,Lira_P,Optima,Optima,Optima,NA,43200,54000,Optima,NA,am.1200 - 1300,f.1000 - 1500
05 - optima,Lira_P,Optima,Optima,Optima,NA,38518.51852,52000,Optima,NA,an.1300 - 1400,f.1000 - 1500
05 - optima,Lira_P,Optima,Optima,Optima,NA,36551.72414,53000,Optima,NA,ao.1400 - 1500,f.1000 - 1500
05 - optima,Lira_P,Optima,Optima,Optima,NA,25806.45161,40000,Optima,NA,ap.1500 - 1600,g.1500 - 2000
05 - optima,Lira_P,Optima,Optima,Optima,NA,18181.81818,30000,Optima,NA,aq.1600 - 1700,g.1500 - 2000
05 - optima,Lira_P,Optima,Optima,Optima,NA,16000,28000,Optima,NA,ar.1700 - 1800,g.1500 - 2000
05 - optima,Lira_P,Optima,Optima,Optima,NA,11891.89189,22000,Optima,NA,as.1800 - 1900,g.1500 - 2000
05 - optima,Lira_P,Optima,Optima,Optima,NA,10256.41026,20000,Optima,NA,at.1900 - 2000,g.1500 - 2000
05 - optima,Lira_P,Optima,Optima,Optima,NA,4651.162791,10000,Optima,NA,au.2000 - 2100,h.2000 - 2500
05 - optima,Lira_P,Optima,Optima,Optima,NA,3555.555556,8000,Optima,NA,av.2100 - 2200,h.2000 - 2500
05 - optima,Lira_P,Optima,Optima,Optima,NA,2553.191489,6000,Optima,NA,aw.2200 - 2300,h.2000 - 2500
05 - optima,Lira_P,Optima,Optima,Optima,NA,1632.653061,4000,Optima,NA,ax.2300 - 2400,h.2000 - 2500
05 - optima,Lira_P,Optima,Optima,Optima,NA,784.3137255,2000,Optima,NA,ay.2400 - 2500,h.2000 - 2500
05 - optima,Lira_P,Optima,Optima,Optima,NA,1886.792453,5000,Optima,NA,az.2500 - 2600,i.2500 - 3000
11 - optima,Lira_P,Optima,Optima,Optima,NA,3.00E+05,15000,Optima,NA,aa.0 - 100,a.0 - 300
11 - optima,Lira_P,Optima,Optima,Optima,NA,153333.3333,23000,Optima,NA,ab.100 - 200,a.0 - 300
11 - optima,Lira_P,Optima,Optima,Optima,NA,116000,29000,Optima,NA,ac.200 - 300,a.0 - 300
11 - optima,Lira_P,Optima,Optima,Optima,NA,102857.1429,36000,Optima,NA,ad.300 - 400,b.300 - 400
11 - optima,Lira_P,Optima,Optima,Optima,NA,93333.33333,42000,Optima,NA,ae.400 - 500,c.400 - 600
11 - optima,Lira_P,Optima,Optima,Optima,NA,65454.54545,36000,Optima,NA,af.500 - 600,c.400 - 600
11 - optima,Lira_P,Optima,Optima,Optima,NA,56923.07692,37000,Optima,NA,ag.600 - 700,d.600 - 800
11 - optima,Lira_P,Optima,Optima,Optima,NA,46666.66667,35000,Optima,NA,ah.700 - 800,d.600 - 800
11 - optima,Lira_P,Optima,Optima,Optima,NA,40000,34000,Optima,NA,ai.800 - 900,e.800 - 1000
11 - optima,Lira_P,Optima,Optima,Optima,NA,34736.84211,33000,Optima,NA,aj.900 - 1000,e.800 - 1000
11 - optima,Lira_P,Optima,Optima,Optima,NA,38095.2381,40000,Optima,NA,ak.1000 - 1100,f.1000 - 1500
11 - optima,Lira_P,Optima,Optima,Optima,NA,33043.47826,38000,Optima,NA,al.1100 - 1200,f.1000 - 1500
11 - optima,Lira_P,Optima,Optima,Optima,NA,32000,40000,Optima,NA,am.1200 - 1300,f.1000 - 1500
11 - optima,Lira_P,Optima,Optima,Optima,NA,31111.11111,42000,Optima,NA,an.1300 - 1400,f.1000 - 1500
11 - optima,Lira_P,Optima,Optima,Optima,NA,27586.2069,40000,Optima,NA,ao.1400 - 1500,f.1000 - 1500
11 - optima,Lira_P,Optima,Optima,Optima,NA,33548.3871,52000,Optima,NA,ap.1500 - 1600,g.1500 - 2000
11 - optima,Lira_P,Optima,Optima,Optima,NA,27878.78788,46000,Optima,NA,aq.1600 - 1700,g.1500 - 2000
11 - optima,Lira_P,Optima,Optima,Optima,NA,22857.14286,40000,Optima,NA,ar.1700 - 1800,g.1500 - 2000
11 - optima,Lira_P,Optima,Optima,Optima,NA,17297.2973,32000,Optima,NA,as.1800 - 1900,g.1500 - 2000
11 - optima,Lira_P,Optima,Optima,Optima,NA,15384.61538,30000,Optima,NA,at.1900 - 2000,g.1500 - 2000
11 - optima,Lira_P,Optima,Optima,Optima,NA,6976.744186,15000,Optima,NA,au.2000 - 2100,h.2000 - 2500
11 - optima,Lira_P,Optima,Optima,Optima,NA,4444.444444,10000,Optima,NA,av.2100 - 2200,h.2000 - 2500
11 - optima,Lira_P,Optima,Optima,Optima,NA,2553.191489,6000,Optima,NA,aw.2200 - 2300,h.2000 - 2500
11 - optima,Lira_P,Optima,Optima,Optima,NA,816.3265306,2000,Optima,NA,ax.2300 - 2400,h.2000 - 2500
11 - optima,Lira_P,Optima,Optima,Optima,NA,784.3137255,2000,Optima,NA,ay.2400 - 2500,h.2000 - 2500
11 - optima,Lira_P,Optima,Optima,Optima,NA,2264.150943,6000,Optima,NA,az.2500 - 2600,i.2500 - 3000
11 - optima,Lira_P,Optima,Optima,Optima,NA,1090.909091,3000,Optima,NA,ba.2600 - 2700,i.2500 - 3000
11 - optima,Lira_P,Optima,Optima,Optima,NA,701.754386,2000,Optima,NA,bb.2700 - 2800,i.2500 - 3000
11 - optima,Lira_P,Optima,Optima,Optima,NA,677.9661017,2000,Optima,NA,bc.2800 - 2900,i.2500 - 3000
11 - optima,Lira_P,Optima,Optima,Optima,NA,634.9206349,2000,Optima,NA,bd.2900 - 3000,i.2500 - 3000
11 - optima,Lira_P,Optima,Optima,Optima,NA,1538.461538,5000,Optima,NA,be.3000 - 3100,j.3000
11 - optima,Lira_P,Optima,Optima,Optima,NA,1492.537313,5000,Optima,NA,bf.3100 - 3200,j.3000
05 - optima,Vilan_P,Optima,Optima,Optima,NA,5.00E+05,25000,Optima,NA,aa.0 - 100,a.0 - 300
05 - optima,Vilan_P,Optima,Optima,Optima,NA,173333.3333,26000,Optima,NA,ab.100 - 200,a.0 - 300
05 - optima,Vilan_P,Optima,Optima,Optima,NA,108000,27000,Optima,NA,ac.200 - 300,a.0 - 300
05 - optima,Vilan_P,Optima,Optima,Optima,NA,80000,28000,Optima,NA,ad.300 - 400,b.300 - 400
05 - optima,Vilan_P,Optima,Optima,Optima,NA,64444.44444,29000,Optima,NA,ae.400 - 500,c.400 - 600
05 - optima,Vilan_P,Optima,Optima,Optima,NA,65454.54545,36000,Optima,NA,af.500 - 600,c.400 - 600
05 - optima,Vilan_P,Optima,Optima,Optima,NA,61538.46154,40000,Optima,NA,ag.600 - 700,d.600 - 800
05 - optima,Vilan_P,Optima,Optima,Optima,NA,50666.66667,38000,Optima,NA,ah.700 - 800,d.600 - 800
05 - optima,Vilan_P,Optima,Optima,Optima,NA,41176.47059,35000,Optima,NA,ai.800 - 900,e.800 - 1000
05 - optima,Vilan_P,Optima,Optima,Optima,NA,27368.42105,26000,Optima,NA,aj.900 - 1000,e.800 - 1000
05 - optima,Vilan_P,Optima,Optima,Optima,NA,28571.42857,30000,Optima,NA,ak.1000 - 1100,f.1000 - 1500
05 - optima,Vilan_P,Optima,Optima,Optima,NA,26086.95652,30000,Optima,NA,al.1100 - 1200,f.1000 - 1500
05 - optima,Vilan_P,Optima,Optima,Optima,NA,23200,29000,Optima,NA,am.1200 - 1300,f.1000 - 1500
05 - optima,Vilan_P,Optima,Optima,Optima,NA,20000,27000,Optima,NA,an.1300 - 1400,f.1000 - 1500
05 - optima,Vilan_P,Optima,Optima,Optima,NA,23448.27586,34000,Optima,NA,ao.1400 - 1500,f.1000 - 1500
05 - optima,Vilan_P,Optima,Optima,Optima,NA,12258.06452,19000,Optima,NA,ap.1500 - 1600,g.1500 - 2000
05 - optima,Vilan_P,Optima,Optima,Optima,NA,11515.15152,19000,Optima,NA,aq.1600 - 1700,g.1500 - 2000
05 - optima,Vilan_P,Optima,Optima,Optima,NA,9714.285714,17000,Optima,NA,ar.1700 - 1800,g.1500 - 2000
05 - optima,Vilan_P,Optima,Optima,Optima,NA,9189.189189,17000,Optima,NA,as.1800 - 1900,g.1500 - 2000
05 - optima,Vilan_P,Optima,Optima,Optima,NA,6666.666667,13000,Optima,NA,at.1900 - 2000,g.1500 - 2000
05 - optima,Vilan_P,Optima,Optima,Optima,NA,6976.744186,15000,Optima,NA,au.2000 - 2100,h.2000 - 2500
05 - optima,Vilan_P,Optima,Optima,Optima,NA,6666.666667,15000,Optima,NA,av.2100 - 2200,h.2000 - 2500
05 - optima,Vilan_P,Optima,Optima,Optima,NA,6382.978723,15000,Optima,NA,aw.2200 - 2300,h.2000 - 2500
05 - optima,Vilan_P,Optima,Optima,Optima,NA,2040.816327,5000,Optima,NA,ax.2300 - 2400,h.2000 - 2500
05 - optima,Vilan_P,Optima,Optima,Optima,NA,1960.784314,5000,Optima,NA,ay.2400 - 2500,h.2000 - 2500
05 - optima,Vilan_P,Optima,Optima,Optima,NA,3018.867925,8000,Optima,NA,az.2500 - 2600,i.2500 - 3000
05 - optima,Vilan_P,Optima,Optima,Optima,NA,2909.090909,8000,Optima,NA,ba.2600 - 2700,i.2500 - 3000
05 - optima,Vilan_P,Optima,Optima,Optima,NA,4912.280702,14000,Optima,NA,bb.2700 - 2800,i.2500 - 3000
05 - optima,Vilan_P,Optima,Optima,Optima,NA,5762.711864,17000,Optima,NA,bc.2800 - 2900,i.2500 - 3000
05 - optima,Vilan_P,Optima,Optima,Optima,NA,5714.285714,18000,Optima,NA,bd.2900 - 3000,i.2500 - 3000
05 - optima,Vilan_P,Optima,Optima,Optima,NA,923.0769231,3000,Optima,NA,be.3000 - 3100,j.3000
05 - optima,Vilan_P,Optima,Optima,Optima,NA,3582.089552,12000,Optima,NA,bf.3100 - 3200,j.3000
05 - optima,Vilan_P,Optima,Optima,Optima,NA,4057.971014,14000,Optima,NA,bg.3200 - 3300,j.3000
05 - optima,Vilan_P,Optima,Optima,Optima,NA,4507.042254,16000,Optima,NA,bh.3300 - 3400,j.3000
05 - optima,Vilan_P,Optima,Optima,Optima,NA,9589.041096,35000,Optima,NA,bi.3400 - 3500,j.3000
05 - optima,Vilan_P,Optima,Optima,Optima,NA,9333.333333,35000,Optima,NA,bj.3500 - 8000,j.3000
11 - optima,Vilan_P,Optima,Optima,Optima,NA,480000,24000,Optima,NA,aa.0 - 100,a.0 - 300
11 - optima,Vilan_P,Optima,Optima,Optima,NA,153333.3333,23000,Optima,NA,ab.100 - 200,a.0 - 300
11 - optima,Vilan_P,Optima,Optima,Optima,NA,88000,22000,Optima,NA,ac.200 - 300,a.0 - 300
11 - optima,Vilan_P,Optima,Optima,Optima,NA,68571.42857,24000,Optima,NA,ad.300 - 400,b.300 - 400
11 - optima,Vilan_P,Optima,Optima,Optima,NA,60000,27000,Optima,NA,ae.400 - 500,c.400 - 600
11 - optima,Vilan_P,Optima,Optima,Optima,NA,56363.63636,31000,Optima,NA,af.500 - 600,c.400 - 600
11 - optima,Vilan_P,Optima,Optima,Optima,NA,55384.61538,36000,Optima,NA,ag.600 - 700,d.600 - 800
11 - optima,Vilan_P,Optima,Optima,Optima,NA,46666.66667,35000,Optima,NA,ah.700 - 800,d.600 - 800
11 - optima,Vilan_P,Optima,Optima,Optima,NA,41176.47059,35000,Optima,NA,ai.800 - 900,e.800 - 1000
11 - optima,Vilan_P,Optima,Optima,Optima,NA,34736.84211,33000,Optima,NA,aj.900 - 1000,e.800 - 1000
11 - optima,Vilan_P,Optima,Optima,Optima,NA,38095.2381,40000,Optima,NA,ak.1000 - 1100,f.1000 - 1500
11 - optima,Vilan_P,Optima,Optima,Optima,NA,36521.73913,42000,Optima,NA,al.1100 - 1200,f.1000 - 1500
11 - optima,Vilan_P,Optima,Optima,Optima,NA,36000,45000,Optima,NA,am.1200 - 1300,f.1000 - 1500
11 - optima,Vilan_P,Optima,Optima,Optima,NA,37037.03704,50000,Optima,NA,an.1300 - 1400,f.1000 - 1500
11 - optima,Vilan_P,Optima,Optima,Optima,NA,26206.89655,38000,Optima,NA,ao.1400 - 1500,f.1000 - 1500
11 - optima,Vilan_P,Optima,Optima,Optima,NA,21935.48387,34000,Optima,NA,ap.1500 - 1600,g.1500 - 2000
11 - optima,Vilan_P,Optima,Optima,Optima,NA,26060.60606,43000,Optima,NA,aq.1600 - 1700,g.1500 - 2000
11 - optima,Vilan_P,Optima,Optima,Optima,NA,19428.57143,34000,Optima,NA,ar.1700 - 1800,g.1500 - 2000
11 - optima,Vilan_P,Optima,Optima,Optima,NA,19459.45946,36000,Optima,NA,as.1800 - 1900,g.1500 - 2000
11 - optima,Vilan_P,Optima,Optima,Optima,NA,16923.07692,33000,Optima,NA,at.1900 - 2000,g.1500 - 2000
11 - optima,Vilan_P,Optima,Optima,Optima,NA,7441.860465,16000,Optima,NA,au.2000 - 2100,h.2000 - 2500
11 - optima,Vilan_P,Optima,Optima,Optima,NA,6666.666667,15000,Optima,NA,av.2100 - 2200,h.2000 - 2500
11 - optima,Vilan_P,Optima,Optima,Optima,NA,6808.510638,16000,Optima,NA,aw.2200 - 2300,h.2000 - 2500
11 - optima,Vilan_P,Optima,Optima,Optima,NA,6122.44898,15000,Optima,NA,ax.2300 - 2400,h.2000 - 2500
11 - optima,Vilan_P,Optima,Optima,Optima,NA,5098.039216,13000,Optima,NA,ay.2400 - 2500,h.2000 - 2500
11 - optima,Vilan_P,Optima,Optima,Optima,NA,1509.433962,4000,Optima,NA,az.2500 - 2600,i.2500 - 3000
11 - optima,Vilan_P,Optima,Optima,Optima,NA,1454.545455,4000,Optima,NA,ba.2600 - 2700,i.2500 - 3000
11 - optima,Vilan_P,Optima,Optima,Optima,NA,2105.263158,6000,Optima,NA,bb.2700 - 2800,i.2500 - 3000
11 - optima,Vilan_P,Optima,Optima,Optima,NA,2711.864407,8000,Optima,NA,bc.2800 - 2900,i.2500 - 3000
11 - optima,Vilan_P,Optima,Optima,Optima,NA,2539.68254,8000,Optima,NA,bd.2900 - 3000,i.2500 - 3000
11 - optima,Vilan_P,Optima,Optima,Optima,NA,3076.923077,10000,Optima,NA,be.3000 - 3100,j.3000
11 - optima,Vilan_P,Optima,Optima,Optima,NA,2985.074627,10000,Optima,NA,bf.3100 - 3200,j.3000
11 - optima,Vilan_P,Optima,Optima,Optima,NA,1449.275362,5000,Optima,NA,bg.3200 - 3300,j.3000
05 - optima,Quilmas_P,Optima,Optima,Optima,NA,1.00E+05,5000,Optima,NA,aa.0 - 100,a.0 - 300
05 - optima,Quilmas_P,Optima,Optima,Optima,NA,46666.66667,7000,Optima,NA,ab.100 - 200,a.0 - 300
05 - optima,Quilmas_P,Optima,Optima,Optima,NA,32000,8000,Optima,NA,ac.200 - 300,a.0 - 300
05 - optima,Quilmas_P,Optima,Optima,Optima,NA,31428.57143,11000,Optima,NA,ad.300 - 400,b.300 - 400
05 - optima,Quilmas_P,Optima,Optima,Optima,NA,31111.11111,14000,Optima,NA,ae.400 - 500,c.400 - 600
05 - optima,Quilmas_P,Optima,Optima,Optima,NA,9090.909091,5000,Optima,NA,af.500 - 600,c.400 - 600
05 - optima,Quilmas_P,Optima,Optima,Optima,NA,9230.769231,6000,Optima,NA,ag.600 - 700,d.600 - 800
05 - optima,Quilmas_P,Optima,Optima,Optima,NA,10666.66667,8000,Optima,NA,ah.700 - 800,d.600 - 800
05 - optima,Quilmas_P,Optima,Optima,Optima,NA,9411.764706,8000,Optima,NA,ai.800 - 900,e.800 - 1000
05 - optima,Quilmas_P,Optima,Optima,Optima,NA,10526.31579,10000,Optima,NA,aj.900 - 1000,e.800 - 1000
05 - optima,Quilmas_P,Optima,Optima,Optima,NA,9523.809524,10000,Optima,NA,ak.1000 - 1100,f.1000 - 1500
05 - optima,Quilmas_P,Optima,Optima,Optima,NA,8695.652174,10000,Optima,NA,al.1100 - 1200,f.1000 - 1500
05 - optima,Quilmas_P,Optima,Optima,Optima,NA,8000,10000,Optima,NA,am.1200 - 1300,f.1000 - 1500
05 - optima,Quilmas_P,Optima,Optima,Optima,NA,6666.666667,9000,Optima,NA,an.1300 - 1400,f.1000 - 1500
05 - optima,Quilmas_P,Optima,Optima,Optima,NA,6206.896552,9000,Optima,NA,ao.1400 - 1500,f.1000 - 1500
05 - optima,Quilmas_P,Optima,Optima,Optima,NA,5806.451613,9000,Optima,NA,ap.1500 - 1600,g.1500 - 2000
05 - optima,Quilmas_P,Optima,Optima,Optima,NA,5454.545455,9000,Optima,NA,aq.1600 - 1700,g.1500 - 2000
05 - optima,Quilmas_P,Optima,Optima,Optima,NA,4571.428571,8000,Optima,NA,ar.1700 - 1800,g.1500 - 2000
05 - optima,Quilmas_P,Optima,Optima,Optima,NA,4324.324324,8000,Optima,NA,as.1800 - 1900,g.1500 - 2000
05 - optima,Quilmas_P,Optima,Optima,Optima,NA,4102.564103,8000,Optima,NA,at.1900 - 2000,g.1500 - 2000
05 - optima,Quilmas_P,Optima,Optima,Optima,NA,3720.930233,8000,Optima,NA,au.2000 - 2100,h.2000 - 2500
05 - optima,Quilmas_P,Optima,Optima,Optima,NA,3555.555556,8000,Optima,NA,av.2100 - 2200,h.2000 - 2500
05 - optima,Quilmas_P,Optima,Optima,Optima,NA,2978.723404,7000,Optima,NA,aw.2200 - 2300,h.2000 - 2500
05 - optima,Quilmas_P,Optima,Optima,Optima,NA,2040.816327,5000,Optima,NA,ax.2300 - 2400,h.2000 - 2500
05 - optima,Quilmas_P,Optima,Optima,Optima,NA,1960.784314,5000,Optima,NA,ay.2400 - 2500,h.2000 - 2500
05 - optima,Quilmas_P,Optima,Optima,Optima,NA,566.0377358,1500,Optima,NA,az.2500 - 2600,i.2500 - 3000
05 - optima,Quilmas_P,Optima,Optima,Optima,NA,545.4545455,1500,Optima,NA,ba.2600 - 2700,i.2500 - 3000
05 - optima,Quilmas_P,Optima,Optima,Optima,NA,701.754386,2000,Optima,NA,bb.2700 - 2800,i.2500 - 3000
05 - optima,Quilmas_P,Optima,Optima,Optima,NA,1694.915254,5000,Optima,NA,bc.2800 - 2900,i.2500 - 3000
05 - optima,Quilmas_P,Optima,Optima,Optima,NA,1587.301587,5000,Optima,NA,bd.2900 - 3000,i.2500 - 3000
05 - optima,Quilmas_P,Optima,Optima,Optima,NA,923.0769231,3000,Optima,NA,be.3000 - 3100,j.3000
05 - optima,Quilmas_P,Optima,Optima,Optima,NA,746.2686567,2500,Optima,NA,bf.3100 - 3200,j.3000
05 - optima,Quilmas_P,Optima,Optima,Optima,NA,724.6376812,2500,Optima,NA,bg.3200 - 3300,j.3000
05 - optima,Quilmas_P,Optima,Optima,Optima,NA,1408.450704,5000,Optima,NA,bh.3300 - 3400,j.3000
05 - optima,Quilmas_P,Optima,Optima,Optima,NA,1643.835616,6000,Optima,NA,bi.3400 - 3500,j.3000
05 - optima,Quilmas_P,Optima,Optima,Optima,NA,4266.666667,16000,Optima,NA,bj.3500 - 8000,j.3000
11 - optima,Quilmas_P,Optima,Optima,Optima,NA,1.00E+05,5000,Optima,NA,aa.0 - 100,a.0 - 300
11 - optima,Quilmas_P,Optima,Optima,Optima,NA,46666.66667,7000,Optima,NA,ab.100 - 200,a.0 - 300
11 - optima,Quilmas_P,Optima,Optima,Optima,NA,36000,9000,Optima,NA,ac.200 - 300,a.0 - 300
11 - optima,Quilmas_P,Optima,Optima,Optima,NA,31428.57143,11000,Optima,NA,ad.300 - 400,b.300 - 400
11 - optima,Quilmas_P,Optima,Optima,Optima,NA,28888.88889,13000,Optima,NA,ae.400 - 500,c.400 - 600
11 - optima,Quilmas_P,Optima,Optima,Optima,NA,18181.81818,10000,Optima,NA,af.500 - 600,c.400 - 600
11 - optima,Quilmas_P,Optima,Optima,Optima,NA,15384.61538,10000,Optima,NA,ag.600 - 700,d.600 - 800
11 - optima,Quilmas_P,Optima,Optima,Optima,NA,13333.33333,10000,Optima,NA,ah.700 - 800,d.600 - 800
11 - optima,Quilmas_P,Optima,Optima,Optima,NA,11764.70588,10000,Optima,NA,ai.800 - 900,e.800 - 1000
11 - optima,Quilmas_P,Optima,Optima,Optima,NA,10526.31579,10000,Optima,NA,aj.900 - 1000,e.800 - 1000
11 - optima,Quilmas_P,Optima,Optima,Optima,NA,9523.809524,10000,Optima,NA,ak.1000 - 1100,f.1000 - 1500
11 - optima,Quilmas_P,Optima,Optima,Optima,NA,8695.652174,10000,Optima,NA,al.1100 - 1200,f.1000 - 1500
11 - optima,Quilmas_P,Optima,Optima,Optima,NA,8000,10000,Optima,NA,am.1200 - 1300,f.1000 - 1500
11 - optima,Quilmas_P,Optima,Optima,Optima,NA,7407.407407,10000,Optima,NA,an.1300 - 1400,f.1000 - 1500
11 - optima,Quilmas_P,Optima,Optima,Optima,NA,6896.551724,10000,Optima,NA,ao.1400 - 1500,f.1000 - 1500
11 - optima,Quilmas_P,Optima,Optima,Optima,NA,7741.935484,12000,Optima,NA,ap.1500 - 1600,g.1500 - 2000
11 - optima,Quilmas_P,Optima,Optima,Optima,NA,7272.727273,12000,Optima,NA,aq.1600 - 1700,g.1500 - 2000
11 - optima,Quilmas_P,Optima,Optima,Optima,NA,6857.142857,12000,Optima,NA,ar.1700 - 1800,g.1500 - 2000
11 - optima,Quilmas_P,Optima,Optima,Optima,NA,5405.405405,10000,Optima,NA,as.1800 - 1900,g.1500 - 2000
11 - optima,Quilmas_P,Optima,Optima,Optima,NA,5641.025641,11000,Optima,NA,at.1900 - 2000,g.1500 - 2000
11 - optima,Quilmas_P,Optima,Optima,Optima,NA,4651.162791,10000,Optima,NA,au.2000 - 2100,h.2000 - 2500
11 - optima,Quilmas_P,Optima,Optima,Optima,NA,4444.444444,10000,Optima,NA,av.2100 - 2200,h.2000 - 2500
11 - optima,Quilmas_P,Optima,Optima,Optima,NA,3829.787234,9000,Optima,NA,aw.2200 - 2300,h.2000 - 2500
11 - optima,Quilmas_P,Optima,Optima,Optima,NA,2857.142857,7000,Optima,NA,ax.2300 - 2400,h.2000 - 2500
11 - optima,Quilmas_P,Optima,Optima,Optima,NA,1960.784314,5000,Optima,NA,ay.2400 - 2500,h.2000 - 2500
11 - optima,Quilmas_P,Optima,Optima,Optima,NA,1886.792453,5000,Optima,NA,az.2500 - 2600,i.2500 - 3000
11 - optima,Quilmas_P,Optima,Optima,Optima,NA,1454.545455,4000,Optima,NA,ba.2600 - 2700,i.2500 - 3000
11 - optima,Quilmas_P,Optima,Optima,Optima,NA,1052.631579,3000,Optima,NA,bb.2700 - 2800,i.2500 - 3000
11 - optima,Quilmas_P,Optima,Optima,Optima,NA,847.4576271,2500,Optima,NA,bc.2800 - 2900,i.2500 - 3000
11 - optima,Quilmas_P,Optima,Optima,Optima,NA,793.6507937,2500,Optima,NA,bd.2900 - 3000,i.2500 - 3000
11 - optima,Quilmas_P,Optima,Optima,Optima,NA,923.0769231,3000,Optima,NA,be.3000 - 3100,j.3000
11 - optima,Quilmas_P,Optima,Optima,Optima,NA,895.5223881,3000,Optima,NA,bf.3100 - 3200,j.3000
11 - optima,Quilmas_P,Optima,Optima,Optima,NA,579.7101449,2000,Optima,NA,bg.3200 - 3300,j.3000
11 - optima,Quilmas_P,Optima,Optima,Optima,NA,563.3802817,2000,Optima,NA,bh.3300 - 3400,j.3000
05 - optima,Couso_P,Optima,Optima,Optima,NA,80000,4000,Optima,NA,aa.0 - 100,a.0 - 300
05 - optima,Couso_P,Optima,Optima,Optima,NA,40000,6000,Optima,NA,ab.100 - 200,a.0 - 300
05 - optima,Couso_P,Optima,Optima,Optima,NA,28000,7000,Optima,NA,ac.200 - 300,a.0 - 300
05 - optima,Couso_P,Optima,Optima,Optima,NA,25714.28571,9000,Optima,NA,ad.300 - 400,b.300 - 400
05 - optima,Couso_P,Optima,Optima,Optima,NA,20000,9000,Optima,NA,ae.400 - 500,c.400 - 600
05 - optima,Couso_P,Optima,Optima,Optima,NA,16363.63636,9000,Optima,NA,af.500 - 600,c.400 - 600
05 - optima,Couso_P,Optima,Optima,Optima,NA,12307.69231,8000,Optima,NA,ag.600 - 700,d.600 - 800
05 - optima,Couso_P,Optima,Optima,Optima,NA,10666.66667,8000,Optima,NA,ah.700 - 800,d.600 - 800
05 - optima,Couso_P,Optima,Optima,Optima,NA,8235.294118,7000,Optima,NA,ai.800 - 900,e.800 - 1000
05 - optima,Couso_P,Optima,Optima,Optima,NA,8421.052632,8000,Optima,NA,aj.900 - 1000,e.800 - 1000
05 - optima,Couso_P,Optima,Optima,Optima,NA,7619.047619,8000,Optima,NA,ak.1000 - 1100,f.1000 - 1500
05 - optima,Couso_P,Optima,Optima,Optima,NA,7826.086957,9000,Optima,NA,al.1100 - 1200,f.1000 - 1500
05 - optima,Couso_P,Optima,Optima,Optima,NA,7200,9000,Optima,NA,am.1200 - 1300,f.1000 - 1500
05 - optima,Couso_P,Optima,Optima,Optima,NA,8888.888889,12000,Optima,NA,an.1300 - 1400,f.1000 - 1500
05 - optima,Couso_P,Optima,Optima,Optima,NA,8275.862069,12000,Optima,NA,ao.1400 - 1500,f.1000 - 1500
05 - optima,Couso_P,Optima,Optima,Optima,NA,6451.612903,10000,Optima,NA,ap.1500 - 1600,g.1500 - 2000
05 - optima,Couso_P,Optima,Optima,Optima,NA,6060.606061,10000,Optima,NA,aq.1600 - 1700,g.1500 - 2000
05 - optima,Couso_P,Optima,Optima,Optima,NA,6857.142857,12000,Optima,NA,ar.1700 - 1800,g.1500 - 2000
05 - optima,Couso_P,Optima,Optima,Optima,NA,7027.027027,13000,Optima,NA,as.1800 - 1900,g.1500 - 2000
05 - optima,Couso_P,Optima,Optima,Optima,NA,5128.205128,10000,Optima,NA,at.1900 - 2000,g.1500 - 2000
05 - optima,Couso_P,Optima,Optima,Optima,NA,4651.162791,10000,Optima,NA,au.2000 - 2100,h.2000 - 2500
05 - optima,Couso_P,Optima,Optima,Optima,NA,4444.444444,10000,Optima,NA,av.2100 - 2200,h.2000 - 2500
05 - optima,Couso_P,Optima,Optima,Optima,NA,2127.659574,5000,Optima,NA,aw.2200 - 2300,h.2000 - 2500
11 - optima,Couso_P,Optima,Optima,Optima,NA,80000,4000,Optima,NA,aa.0 - 100,a.0 - 300
11 - optima,Couso_P,Optima,Optima,Optima,NA,26666.66667,4000,Optima,NA,ab.100 - 200,a.0 - 300
11 - optima,Couso_P,Optima,Optima,Optima,NA,20000,5000,Optima,NA,ac.200 - 300,a.0 - 300
11 - optima,Couso_P,Optima,Optima,Optima,NA,17142.85714,6000,Optima,NA,ad.300 - 400,b.300 - 400
11 - optima,Couso_P,Optima,Optima,Optima,NA,13333.33333,6000,Optima,NA,ae.400 - 500,c.400 - 600
11 - optima,Couso_P,Optima,Optima,Optima,NA,16363.63636,9000,Optima,NA,af.500 - 600,c.400 - 600
11 - optima,Couso_P,Optima,Optima,Optima,NA,12307.69231,8000,Optima,NA,ag.600 - 700,d.600 - 800
11 - optima,Couso_P,Optima,Optima,Optima,NA,12000,9000,Optima,NA,ah.700 - 800,d.600 - 800
11 - optima,Couso_P,Optima,Optima,Optima,NA,9411.764706,8000,Optima,NA,ai.800 - 900,e.800 - 1000
11 - optima,Couso_P,Optima,Optima,Optima,NA,11578.94737,11000,Optima,NA,aj.900 - 1000,e.800 - 1000
11 - optima,Couso_P,Optima,Optima,Optima,NA,10476.19048,11000,Optima,NA,ak.1000 - 1100,f.1000 - 1500
11 - optima,Couso_P,Optima,Optima,Optima,NA,7826.086957,9000,Optima,NA,al.1100 - 1200,f.1000 - 1500
11 - optima,Couso_P,Optima,Optima,Optima,NA,8000,10000,Optima,NA,am.1200 - 1300,f.1000 - 1500
11 - optima,Couso_P,Optima,Optima,Optima,NA,7407.407407,10000,Optima,NA,an.1300 - 1400,f.1000 - 1500
11 - optima,Couso_P,Optima,Optima,Optima,NA,6896.551724,10000,Optima,NA,ao.1400 - 1500,f.1000 - 1500
11 - optima,Couso_P,Optima,Optima,Optima,NA,7741.935484,12000,Optima,NA,ap.1500 - 1600,g.1500 - 2000
11 - optima,Couso_P,Optima,Optima,Optima,NA,9696.969697,16000,Optima,NA,aq.1600 - 1700,g.1500 - 2000
11 - optima,Couso_P,Optima,Optima,Optima,NA,6857.142857,12000,Optima,NA,ar.1700 - 1800,g.1500 - 2000
11 - optima,Couso_P,Optima,Optima,Optima,NA,6486.486486,12000,Optima,NA,as.1800 - 1900,g.1500 - 2000
11 - optima,Couso_P,Optima,Optima,Optima,NA,4102.564103,8000,Optima,NA,at.1900 - 2000,g.1500 - 2000
11 - optima,Couso_P,Optima,Optima,Optima,NA,3720.930233,8000,Optima,NA,au.2000 - 2100,h.2000 - 2500
11 - optima,Couso_P,Optima,Optima,Optima,NA,2222.222222,5000,Optima,NA,av.2100 - 2200,h.2000 - 2500
11 - optima,Couso_P,Optima,Optima,Optima,NA,2127.659574,5000,Optima,NA,aw.2200 - 2300,h.2000 - 2500
11 - optima,Couso_P,Optima,Optima,Optima,NA,2040.816327,5000,Optima,NA,ax.2300 - 2400,h.2000 - 2500
11 - optima,Couso_P,Optima,Optima,Optima,NA,784.3137255,2000,Optima,NA,ay.2400 - 2500,h.2000 - 2500
11 - optima,Couso_P,Optima,Optima,Optima,NA,754.7169811,2000,Optima,NA,az.2500 - 2600,i.2500 - 3000
11 - optima,Couso_P,Optima,Optima,Optima,NA,1090.909091,3000,Optima,NA,ba.2600 - 2700,i.2500 - 3000
05 - optima,Merexo_P,Optima,Optima,Optima,NA,80000,4000,Optima,NA,aa.0 - 100,a.0 - 300
05 - optima,Merexo_P,Optima,Optima,Optima,NA,60000,9000,Optima,NA,ab.100 - 200,a.0 - 300
05 - optima,Merexo_P,Optima,Optima,Optima,NA,28000,7000,Optima,NA,ac.200 - 300,a.0 - 300
05 - optima,Merexo_P,Optima,Optima,Optima,NA,28571.42857,10000,Optima,NA,ad.300 - 400,b.300 - 400
05 - optima,Merexo_P,Optima,Optima,Optima,NA,20000,9000,Optima,NA,ae.400 - 500,c.400 - 600
05 - optima,Merexo_P,Optima,Optima,Optima,NA,14545.45455,8000,Optima,NA,af.500 - 600,c.400 - 600
05 - optima,Merexo_P,Optima,Optima,Optima,NA,12307.69231,8000,Optima,NA,ag.600 - 700,d.600 - 800
05 - optima,Merexo_P,Optima,Optima,Optima,NA,10666.66667,8000,Optima,NA,ah.700 - 800,d.600 - 800
05 - optima,Merexo_P,Optima,Optima,Optima,NA,9411.764706,8000,Optima,NA,ai.800 - 900,e.800 - 1000
05 - optima,Merexo_P,Optima,Optima,Optima,NA,9473.684211,9000,Optima,NA,aj.900 - 1000,e.800 - 1000
05 - optima,Merexo_P,Optima,Optima,Optima,NA,7619.047619,8000,Optima,NA,ak.1000 - 1100,f.1000 - 1500
05 - optima,Merexo_P,Optima,Optima,Optima,NA,6956.521739,8000,Optima,NA,al.1100 - 1200,f.1000 - 1500
05 - optima,Merexo_P,Optima,Optima,Optima,NA,6400,8000,Optima,NA,am.1200 - 1300,f.1000 - 1500
05 - optima,Merexo_P,Optima,Optima,Optima,NA,7407.407407,10000,Optima,NA,an.1300 - 1400,f.1000 - 1500
05 - optima,Merexo_P,Optima,Optima,Optima,NA,7586.206897,11000,Optima,NA,ao.1400 - 1500,f.1000 - 1500
05 - optima,Merexo_P,Optima,Optima,Optima,NA,7741.935484,12000,Optima,NA,ap.1500 - 1600,g.1500 - 2000
05 - optima,Merexo_P,Optima,Optima,Optima,NA,7272.727273,12000,Optima,NA,aq.1600 - 1700,g.1500 - 2000
05 - optima,Merexo_P,Optima,Optima,Optima,NA,6857.142857,12000,Optima,NA,ar.1700 - 1800,g.1500 - 2000
05 - optima,Merexo_P,Optima,Optima,Optima,NA,5405.405405,10000,Optima,NA,as.1800 - 1900,g.1500 - 2000
05 - optima,Merexo_P,Optima,Optima,Optima,NA,4615.384615,9000,Optima,NA,at.1900 - 2000,g.1500 - 2000
05 - optima,Merexo_P,Optima,Optima,Optima,NA,3255.813953,7000,Optima,NA,au.2000 - 2100,h.2000 - 2500
05 - optima,Merexo_P,Optima,Optima,Optima,NA,2222.222222,5000,Optima,NA,av.2100 - 2200,h.2000 - 2500
05 - optima,Merexo_P,Optima,Optima,Optima,NA,1276.595745,3000,Optima,NA,aw.2200 - 2300,h.2000 - 2500
05 - optima,Merexo_P,Optima,Optima,Optima,NA,1224.489796,3000,Optima,NA,ax.2300 - 2400,h.2000 - 2500
05 - optima,Merexo_P,Optima,Optima,Optima,NA,784.3137255,2000,Optima,NA,ay.2400 - 2500,h.2000 - 2500
05 - optima,Merexo_P,Optima,Optima,Optima,NA,1886.792453,5000,Optima,NA,az.2500 - 2600,i.2500 - 3000
11 - optima,Merexo_P,Optima,Optima,Optima,NA,80000,4000,Optima,NA,aa.0 - 100,a.0 - 300
11 - optima,Merexo_P,Optima,Optima,Optima,NA,40000,6000,Optima,NA,ab.100 - 200,a.0 - 300
11 - optima,Merexo_P,Optima,Optima,Optima,NA,28000,7000,Optima,NA,ac.200 - 300,a.0 - 300
11 - optima,Merexo_P,Optima,Optima,Optima,NA,20000,7000,Optima,NA,ad.300 - 400,b.300 - 400
11 - optima,Merexo_P,Optima,Optima,Optima,NA,15555.55556,7000,Optima,NA,ae.400 - 500,c.400 - 600
11 - optima,Merexo_P,Optima,Optima,Optima,NA,14545.45455,8000,Optima,NA,af.500 - 600,c.400 - 600
11 - optima,Merexo_P,Optima,Optima,Optima,NA,12307.69231,8000,Optima,NA,ag.600 - 700,d.600 - 800
11 - optima,Merexo_P,Optima,Optima,Optima,NA,12000,9000,Optima,NA,ah.700 - 800,d.600 - 800
11 - optima,Merexo_P,Optima,Optima,Optima,NA,10588.23529,9000,Optima,NA,ai.800 - 900,e.800 - 1000
11 - optima,Merexo_P,Optima,Optima,Optima,NA,10526.31579,10000,Optima,NA,aj.900 - 1000,e.800 - 1000
11 - optima,Merexo_P,Optima,Optima,Optima,NA,9523.809524,10000,Optima,NA,ak.1000 - 1100,f.1000 - 1500
11 - optima,Merexo_P,Optima,Optima,Optima,NA,8695.652174,10000,Optima,NA,al.1100 - 1200,f.1000 - 1500
11 - optima,Merexo_P,Optima,Optima,Optima,NA,9600,12000,Optima,NA,am.1200 - 1300,f.1000 - 1500
11 - optima,Merexo_P,Optima,Optima,Optima,NA,8888.888889,12000,Optima,NA,an.1300 - 1400,f.1000 - 1500
11 - optima,Merexo_P,Optima,Optima,Optima,NA,8965.517241,13000,Optima,NA,ao.1400 - 1500,f.1000 - 1500
11 - optima,Merexo_P,Optima,Optima,Optima,NA,9677.419355,15000,Optima,NA,ap.1500 - 1600,g.1500 - 2000
11 - optima,Merexo_P,Optima,Optima,Optima,NA,9090.909091,15000,Optima,NA,aq.1600 - 1700,g.1500 - 2000
11 - optima,Merexo_P,Optima,Optima,Optima,NA,7428.571429,13000,Optima,NA,ar.1700 - 1800,g.1500 - 2000
11 - optima,Merexo_P,Optima,Optima,Optima,NA,7027.027027,13000,Optima,NA,as.1800 - 1900,g.1500 - 2000
11 - optima,Merexo_P,Optima,Optima,Optima,NA,5128.205128,10000,Optima,NA,at.1900 - 2000,g.1500 - 2000
11 - optima,Merexo_P,Optima,Optima,Optima,NA,1860.465116,4000,Optima,NA,au.2000 - 2100,h.2000 - 2500
11 - optima,Merexo_P,Optima,Optima,Optima,NA,1777.777778,4000,Optima,NA,av.2100 - 2200,h.2000 - 2500
11 - optima,Merexo_P,Optima,Optima,Optima,NA,1276.595745,3000,Optima,NA,aw.2200 - 2300,h.2000 - 2500
11 - optima,Merexo_P,Optima,Optima,Optima,NA,1224.489796,3000,Optima,NA,ax.2300 - 2400,h.2000 - 2500
11 - optima,Merexo_P,Optima,Optima,Optima,NA,784.3137255,2000,Optima,NA,ay.2400 - 2500,h.2000 - 2500
11 - optima,Merexo_P,Optima,Optima,Optima,NA,754.7169811,2000,Optima,NA,az.2500 - 2600,i.2500 - 3000
11 - optima,Merexo_P,Optima,Optima,Optima,NA,727.2727273,2000,Optima,NA,ba.2600 - 2700,i.2500 - 3000
11 - optima,Merexo_P,Optima,Optima,Optima,NA,701.754386,2000,Optima,NA,bb.2700 - 2800,i.2500 - 3000
05 - optima,Tocha_P,Optima,Optima,Optima,NA,1.00E+05,5000,Optima,NA,aa.0 - 100,a.0 - 300
05 - optima,Tocha_P,Optima,Optima,Optima,NA,46666.66667,7000,Optima,NA,ab.100 - 200,a.0 - 300
05 - optima,Tocha_P,Optima,Optima,Optima,NA,32000,8000,Optima,NA,ac.200 - 300,a.0 - 300
05 - optima,Tocha_P,Optima,Optima,Optima,NA,31428.57143,11000,Optima,NA,ad.300 - 400,b.300 - 400
05 - optima,Tocha_P,Optima,Optima,Optima,NA,24444.44444,11000,Optima,NA,ae.400 - 500,c.400 - 600
05 - optima,Tocha_P,Optima,Optima,Optima,NA,21818.18182,12000,Optima,NA,af.500 - 600,c.400 - 600
05 - optima,Tocha_P,Optima,Optima,Optima,NA,18461.53846,12000,Optima,NA,ag.600 - 700,d.600 - 800
05 - optima,Tocha_P,Optima,Optima,Optima,NA,16000,12000,Optima,NA,ah.700 - 800,d.600 - 800
05 - optima,Tocha_P,Optima,Optima,Optima,NA,12941.17647,11000,Optima,NA,ai.800 - 900,e.800 - 1000
05 - optima,Tocha_P,Optima,Optima,Optima,NA,11578.94737,11000,Optima,NA,aj.900 - 1000,e.800 - 1000
05 - optima,Tocha_P,Optima,Optima,Optima,NA,11428.57143,12000,Optima,NA,ak.1000 - 1100,f.1000 - 1500
05 - optima,Tocha_P,Optima,Optima,Optima,NA,8695.652174,10000,Optima,NA,al.1100 - 1200,f.1000 - 1500
05 - optima,Tocha_P,Optima,Optima,Optima,NA,6400,8000,Optima,NA,am.1200 - 1300,f.1000 - 1500
05 - optima,Tocha_P,Optima,Optima,Optima,NA,4444.444444,6000,Optima,NA,an.1300 - 1400,f.1000 - 1500
05 - optima,Tocha_P,Optima,Optima,Optima,NA,2758.62069,4000,Optima,NA,ao.1400 - 1500,f.1000 - 1500
05 - optima,Tocha_P,Optima,Optima,Optima,NA,1935.483871,3000,Optima,NA,ap.1500 - 1600,g.1500 - 2000
05 - optima,Tocha_P,Optima,Optima,Optima,NA,1212.121212,2000,Optima,NA,aq.1600 - 1700,g.1500 - 2000
05 - optima,Tocha_P,Optima,Optima,Optima,NA,1142.857143,2000,Optima,NA,ar.1700 - 1800,g.1500 - 2000
05 - optima,Tocha_P,Optima,Optima,Optima,NA,1081.081081,2000,Optima,NA,as.1800 - 1900,g.1500 - 2000
05 - optima,Tocha_P,Optima,Optima,Optima,NA,512.8205128,1000,Optima,NA,at.1900 - 2000,g.1500 - 2000
11 - optima,Tocha_P,Optima,Optima,Optima,NA,1.00E+05,5000,Optima,NA,aa.0 - 100,a.0 - 300
11 - optima,Tocha_P,Optima,Optima,Optima,NA,46666.66667,7000,Optima,NA,ab.100 - 200,a.0 - 300
11 - optima,Tocha_P,Optima,Optima,Optima,NA,32000,8000,Optima,NA,ac.200 - 300,a.0 - 300
11 - optima,Tocha_P,Optima,Optima,Optima,NA,28571.42857,10000,Optima,NA,ad.300 - 400,b.300 - 400
11 - optima,Tocha_P,Optima,Optima,Optima,NA,22222.22222,10000,Optima,NA,ae.400 - 500,c.400 - 600
11 - optima,Tocha_P,Optima,Optima,Optima,NA,21818.18182,12000,Optima,NA,af.500 - 600,c.400 - 600
11 - optima,Tocha_P,Optima,Optima,Optima,NA,16923.07692,11000,Optima,NA,ag.600 - 700,d.600 - 800
11 - optima,Tocha_P,Optima,Optima,Optima,NA,13333.33333,10000,Optima,NA,ah.700 - 800,d.600 - 800
11 - optima,Tocha_P,Optima,Optima,Optima,NA,12941.17647,11000,Optima,NA,ai.800 - 900,e.800 - 1000
11 - optima,Tocha_P,Optima,Optima,Optima,NA,11578.94737,12000,Optima,NA,aj.900 - 1000,e.800 - 1000
11 - optima,Tocha_P,Optima,Optima,Optima,NA,11428.57143,13000,Optima,NA,ak.1000 - 1100,f.1000 - 1500
11 - optima,Tocha_P,Optima,Optima,Optima,NA,10434.78261,13000,Optima,NA,al.1100 - 1200,f.1000 - 1500
11 - optima,Tocha_P,Optima,Optima,Optima,NA,7200,11000,Optima,NA,am.1200 - 1300,f.1000 - 1500
11 - optima,Tocha_P,Optima,Optima,Optima,NA,5185.185185,7000,Optima,NA,an.1300 - 1400,f.1000 - 1500
11 - optima,Tocha_P,Optima,Optima,Optima,NA,3448.275862,5000,Optima,NA,ao.1400 - 1500,f.1000 - 1500
11 - optima,Tocha_P,Optima,Optima,Optima,NA,3225.806452,5000,Optima,NA,ap.1500 - 1600,g.1500 - 2000
11 - optima,Tocha_P,Optima,Optima,Optima,NA,1818.181818,3000,Optima,NA,aq.1600 - 1700,g.1500 - 2000
11 - optima,Tocha_P,Optima,Optima,Optima,NA,1714.285714,3000,Optima,NA,ar.1700 - 1800,g.1500 - 2000
11 - optima,Tocha_P,Optima,Optima,Optima,NA,1081.081081,2000,Optima,NA,as.1800 - 1900,g.1500 - 2000
11 - optima,Tocha_P,Optima,Optima,Optima,NA,1025.641026,2000,Optima,NA,at.1900 - 2000,g.1500 - 2000
05 - optima,Cervo_P,Optima,Optima,Optima,NA,420000,21000,Optima,NA,aa.0 - 100,a.0 - 300
05 - optima,Cervo_P,Optima,Optima,Optima,NA,146667,22000,Optima,NA,ab.100 - 200,a.0 - 300
05 - optima,Cervo_P,Optima,Optima,Optima,NA,80000,20000,Optima,NA,ac.200 - 300,a.0 - 300
05 - optima,Cervo_P,Optima,Optima,Optima,NA,62857,22000,Optima,NA,ad.300 - 400,b.300 - 400
05 - optima,Cervo_P,Optima,Optima,Optima,NA,55556,25000,Optima,NA,ae.400 - 500,c.400 - 600
05 - optima,Cervo_P,Optima,Optima,Optima,NA,63636,35000,Optima,NA,af.500 - 600,c.400 - 600
05 - optima,Cervo_P,Optima,Optima,Optima,NA,61538,40000,Optima,NA,ag.600 - 700,d.600 - 800
05 - optima,Cervo_P,Optima,Optima,Optima,NA,73333,55000,Optima,NA,ah.700 - 800,d.600 - 800
05 - optima,Cervo_P,Optima,Optima,Optima,NA,68235,58000,Optima,NA,ai.800 - 900,e.800 - 1000
05 - optima,Cervo_P,Optima,Optima,Optima,NA,65263,62000,Optima,NA,aj.900 - 1000,e.800 - 1000
05 - optima,Cervo_P,Optima,Optima,Optima,NA,66667,70000,Optima,NA,ak.1000 - 1100,f.1000 - 1500
05 - optima,Cervo_P,Optima,Optima,Optima,NA,52174,60000,Optima,NA,al.1100 - 1200,f.1000 - 1500
05 - optima,Cervo_P,Optima,Optima,Optima,NA,44000,55000,Optima,NA,am.1200 - 1300,f.1000 - 1500
05 - optima,Cervo_P,Optima,Optima,Optima,NA,37037,50000,Optima,NA,an.1300 - 1400,f.1000 - 1500
05 - optima,Cervo_P,Optima,Optima,Optima,NA,31034,47500,Optima,NA,ao.1400 - 1500,f.1000 - 1500
05 - optima,Cervo_P,Optima,Optima,Optima,NA,29032,47500,Optima,NA,ap.1500 - 1600,g.1500 - 2000
05 - optima,Cervo_P,Optima,Optima,Optima,NA,21212,35000,Optima,NA,aq.1600 - 1700,g.1500 - 2000
05 - optima,Cervo_P,Optima,Optima,Optima,NA,14286,25000,Optima,NA,ar.1700 - 1800,g.1500 - 2000
11 - optima,Cervo_P,Optima,Optima,Optima,NA,420000,21000,Optima,NA,aa.0 - 100,a.0 - 300
11 - optima,Cervo_P,Optima,Optima,Optima,NA,146667,22000,Optima,NA,ab.100 - 200,a.0 - 300
11 - optima,Cervo_P,Optima,Optima,Optima,NA,80000,20000,Optima,NA,ac.200 - 300,a.0 - 300
11 - optima,Cervo_P,Optima,Optima,Optima,NA,62857,22000,Optima,NA,ad.300 - 400,b.300 - 400
11 - optima,Cervo_P,Optima,Optima,Optima,NA,55556,25000,Optima,NA,ae.400 - 500,c.400 - 600
11 - optima,Cervo_P,Optima,Optima,Optima,NA,63636,35000,Optima,NA,af.500 - 600,c.400 - 600
11 - optima,Cervo_P,Optima,Optima,Optima,NA,61538,40000,Optima,NA,ag.600 - 700,d.600 - 800
11 - optima,Cervo_P,Optima,Optima,Optima,NA,80000,60000,Optima,NA,ah.700 - 800,d.600 - 800
11 - optima,Cervo_P,Optima,Optima,Optima,NA,68235,58000,Optima,NA,ai.800 - 900,e.800 - 1000
11 - optima,Cervo_P,Optima,Optima,Optima,NA,65263,60000,Optima,NA,aj.900 - 1000,e.800 - 1000
11 - optima,Cervo_P,Optima,Optima,Optima,NA,56190,55000,Optima,NA,ak.1000 - 1100,f.1000 - 1500
11 - optima,Cervo_P,Optima,Optima,Optima,NA,46957,52000,Optima,NA,al.1100 - 1200,f.1000 - 1500
11 - optima,Cervo_P,Optima,Optima,Optima,NA,40800,50000,Optima,NA,am.1200 - 1300,f.1000 - 1500
11 - optima,Cervo_P,Optima,Optima,Optima,NA,37037,44000,Optima,NA,an.1300 - 1400,f.1000 - 1500
11 - optima,Cervo_P,Optima,Optima,Optima,NA,31724,38000,Optima,NA,ao.1400 - 1500,f.1000 - 1500
11 - optima,Cervo_P,Optima,Optima,Optima,NA,30968,32000,Optima,NA,ap.1500 - 1600,g.1500 - 2000
11 - optima,Cervo_P,Optima,Optima,Optima,NA,23030,28000,Optima,NA,aq.1600 - 1700,g.1500 - 2000
11 - optima,Cervo_P,Optima,Optima,Optima,NA,18286,22000,Optima,NA,ar.1700 - 1800,g.1500 - 2000
11 - optima,Cervo_P,Optima,Optima,Optima,NA,14054,20000,Optima,NA,as.1800 - 1900,g.1500 - 2000
11 - optima,Cervo_P,Optima,Optima,Optima,NA,10769,16000,Optima,NA,at.1900 - 2000,g.1500 - 2000
11 - optima,Cervo_P,Optima,Optima,Optima,NA,6977,8000,Optima,NA,au.2000 - 2100,h.2000 - 2500
11 - optima,Cervo_P,Optima,Optima,Optima,NA,4444,4000,Optima,NA,av.2100 - 2200,h.2000 - 2500
11 - optima,Cervo_P,Optima,Optima,Optima,NA,2553,2000,Optima,NA,aw.2200 - 2300,h.2000 - 2500
11 - optima,Cervo_P,Optima,Optima,Optima,NA,1633,2000,Optima,NA,ax.2300 - 2400,h.2000 - 2500
11 - optima,Cervo_P,Optima,Optima,Optima,NA,1961,2000,Optima,NA,ay.2400 - 2500,h.2000 - 2500
11 - optima,Cervo_P,Optima,Optima,Optima,NA,1509,2000,Optima,NA,az.2500 - 2600,i.2500 - 3000
11 - optima,Cervo_P,Optima,Optima,Optima,NA,1091,2000,Optima,NA,ba.2600 - 2700,i.2500 - 3000
11 - optima,Cervo_P,Optima,Optima,Optima,NA,1053,2000,Optima,NA,bb.2700 - 2800,i.2500 - 3000
11 - optima,Cervo_P,Optima,Optima,Optima,NA,1017,2000,Optima,NA,bc.2800 - 2900,i.2500 - 3000
11 - optima,Cervo_P,Optima,Optima,Optima,NA,635,2000,Optima,NA,bd.2900 - 3000,i.2500 - 3000
11 - optima,Cervo_P,Optima,Optima,Optima,NA,1538,2000,Optima,NA,be.3000 - 3100,j.3000
05 - optima,Palmeira_P,Optima,Optima,Optima,NA,20000,1000,Optima,NA,aa.0 - 100,a.0 - 300
05 - optima,Palmeira_P,Optima,Optima,Optima,NA,6667,1000,Optima,NA,ab.100 - 200,a.0 - 300
05 - optima,Palmeira_P,Optima,Optima,Optima,NA,4000,1000,Optima,NA,ac.200 - 300,a.0 - 300
05 - optima,Palmeira_P,Optima,Optima,Optima,NA,2857,1000,Optima,NA,ad.300 - 400,b.300 - 400
05 - optima,Palmeira_P,Optima,Optima,Optima,NA,2222,1000,Optima,NA,ae.400 - 500,c.400 - 600
05 - optima,Palmeira_P,Optima,Optima,Optima,NA,1818,1000,Optima,NA,af.500 - 600,c.400 - 600
05 - optima,Palmeira_P,Optima,Optima,Optima,NA,1538,1000,Optima,NA,ag.600 - 700,d.600 - 800
05 - optima,Palmeira_P,Optima,Optima,Optima,NA,1333,1000,Optima,NA,ah.700 - 800,d.600 - 800
05 - optima,Palmeira_P,Optima,Optima,Optima,NA,1176,1000,Optima,NA,ai.800 - 900,e.800 - 1000
05 - optima,Palmeira_P,Optima,Optima,Optima,NA,2105,2000,Optima,NA,aj.900 - 1000,e.800 - 1000
05 - optima,Palmeira_P,Optima,Optima,Optima,NA,1905,2000,Optima,NA,ak.1000 - 1100,f.1000 - 1500
05 - optima,Palmeira_P,Optima,Optima,Optima,NA,1739,2000,Optima,NA,al.1100 - 1200,f.1000 - 1500
05 - optima,Palmeira_P,Optima,Optima,Optima,NA,1600,2000,Optima,NA,am.1200 - 1300,f.1000 - 1500
05 - optima,Palmeira_P,Optima,Optima,Optima,NA,1852,2500,Optima,NA,an.1300 - 1400,f.1000 - 1500
05 - optima,Palmeira_P,Optima,Optima,Optima,NA,1724,2500,Optima,NA,ao.1400 - 1500,f.1000 - 1500
05 - optima,Palmeira_P,Optima,Optima,Optima,NA,1613,2500,Optima,NA,ap.1500 - 1600,g.1500 - 2000
05 - optima,Palmeira_P,Optima,Optima,Optima,NA,1818,3000,Optima,NA,aq.1600 - 1700,g.1500 - 2000
05 - optima,Palmeira_P,Optima,Optima,Optima,NA,1429,2500,Optima,NA,ar.1700 - 1800,g.1500 - 2000
05 - optima,Palmeira_P,Optima,Optima,Optima,NA,1351,2500,Optima,NA,as.1800 - 1900,g.1500 - 2000
05 - optima,Palmeira_P,Optima,Optima,Optima,NA,1282,2500,Optima,NA,at.1900 - 2000,g.1500 - 2000
05 - optima,Palmeira_P,Optima,Optima,Optima,NA,930,2000,Optima,NA,au.2000 - 2100,h.2000 - 2500
05 - optima,Palmeira_P,Optima,Optima,Optima,NA,667,1500,Optima,NA,av.2100 - 2200,h.2000 - 2500
05 - optima,Palmeira_P,Optima,Optima,Optima,NA,638,1500,Optima,NA,aw.2200 - 2300,h.2000 - 2500
05 - optima,Palmeira_P,Optima,Optima,Optima,NA,1020,2500,Optima,NA,ax.2300 - 2400,h.2000 - 2500
05 - optima,Palmeira_P,Optima,Optima,Optima,NA,980,2500,Optima,NA,ay.2400 - 2500,h.2000 - 2500
11 - optima,Palmeira_P,Optima,Optima,Optima,NA,20000,1000,Optima,NA,aa.0 - 100,a.0 - 300
11 - optima,Palmeira_P,Optima,Optima,Optima,NA,6667,1000,Optima,NA,ab.100 - 200,a.0 - 300
11 - optima,Palmeira_P,Optima,Optima,Optima,NA,4000,1000,Optima,NA,ac.200 - 300,a.0 - 300
11 - optima,Palmeira_P,Optima,Optima,Optima,NA,2857,1000,Optima,NA,ad.300 - 400,b.300 - 400
11 - optima,Palmeira_P,Optima,Optima,Optima,NA,2222,1000,Optima,NA,ae.400 - 500,c.400 - 600
11 - optima,Palmeira_P,Optima,Optima,Optima,NA,1818,1000,Optima,NA,af.500 - 600,c.400 - 600
11 - optima,Palmeira_P,Optima,Optima,Optima,NA,2308,1500,Optima,NA,ag.600 - 700,d.600 - 800
11 - optima,Palmeira_P,Optima,Optima,Optima,NA,2000,1500,Optima,NA,ah.700 - 800,d.600 - 800
11 - optima,Palmeira_P,Optima,Optima,Optima,NA,2353,2000,Optima,NA,ai.800 - 900,e.800 - 1000
11 - optima,Palmeira_P,Optima,Optima,Optima,NA,2105,2000,Optima,NA,aj.900 - 1000,e.800 - 1000
11 - optima,Palmeira_P,Optima,Optima,Optima,NA,1905,2000,Optima,NA,ak.1000 - 1100,f.1000 - 1500
11 - optima,Palmeira_P,Optima,Optima,Optima,NA,1739,2000,Optima,NA,al.1100 - 1200,f.1000 - 1500
11 - optima,Palmeira_P,Optima,Optima,Optima,NA,2000,2500,Optima,NA,am.1200 - 1300,f.1000 - 1500
11 - optima,Palmeira_P,Optima,Optima,Optima,NA,2037,2750,Optima,NA,an.1300 - 1400,f.1000 - 1500
11 - optima,Palmeira_P,Optima,Optima,Optima,NA,1897,2750,Optima,NA,ao.1400 - 1500,f.1000 - 1500
11 - optima,Palmeira_P,Optima,Optima,Optima,NA,1774,2750,Optima,NA,ap.1500 - 1600,g.1500 - 2000
11 - optima,Palmeira_P,Optima,Optima,Optima,NA,1667,2750,Optima,NA,aq.1600 - 1700,g.1500 - 2000
11 - optima,Palmeira_P,Optima,Optima,Optima,NA,1429,2500,Optima,NA,ar.1700 - 1800,g.1500 - 2000
11 - optima,Palmeira_P,Optima,Optima,Optima,NA,1081,2000,Optima,NA,as.1800 - 1900,g.1500 - 2000
11 - optima,Palmeira_P,Optima,Optima,Optima,NA,1026,2000,Optima,NA,at.1900 - 2000,g.1500 - 2000
11 - optima,Palmeira_P,Optima,Optima,Optima,NA,930,2000,Optima,NA,au.2000 - 2100,h.2000 - 2500
11 - optima,Palmeira_P,Optima,Optima,Optima,NA,889,2000,Optima,NA,av.2100 - 2200,h.2000 - 2500
11 - optima,Palmeira_P,Optima,Optima,Optima,NA,851,2000,Optima,NA,aw.2200 - 2300,h.2000 - 2500
11 - optima,Palmeira_P,Optima,Optima,Optima,NA,612,1500,Optima,NA,ax.2300 - 2400,h.2000 - 2500
11 - optima,Palmeira_P,Optima,Optima,Optima,NA,588,1500,Optima,NA,ay.2400 - 2500,h.2000 - 2500
11 - optima,Palmeira_P,Optima,Optima,Optima,NA,566,1500,Optima,NA,az.2500 - 2600,i.2500 - 3000
11 - optima,Palmeira_P,Optima,Optima,Optima,NA,545,1500,Optima,NA,ba.2600 - 2700,i.2500 - 3000
11 - optima,Palmeira_P,Optima,Optima,Optima,NA,351,1000,Optima,NA,bb.2700 - 2800,i.2500 - 3000
05 - optima,Oye_P,Optima,Optima,Optima,NA,80000,4000,Optima,NA,aa.0 - 100,a.0 - 300
05 - optima,Oye_P,Optima,Optima,Optima,NA,40000,6000,Optima,NA,ab.100 - 200,a.0 - 300
05 - optima,Oye_P,Optima,Optima,Optima,NA,28000,7000,Optima,NA,ac.200 - 300,a.0 - 300
05 - optima,Oye_P,Optima,Optima,Optima,NA,25714,9000,Optima,NA,ad.300 - 400,b.300 - 400
05 - optima,Oye_P,Optima,Optima,Optima,NA,20000,9000,Optima,NA,ae.400 - 500,c.400 - 600
05 - optima,Oye_P,Optima,Optima,Optima,NA,16364,9000,Optima,NA,af.500 - 600,c.400 - 600
05 - optima,Oye_P,Optima,Optima,Optima,NA,12308,8000,Optima,NA,ag.600 - 700,d.600 - 800
05 - optima,Oye_P,Optima,Optima,Optima,NA,10667,8000,Optima,NA,ah.700 - 800,d.600 - 800
05 - optima,Oye_P,Optima,Optima,Optima,NA,8235,7000,Optima,NA,ai.800 - 900,e.800 - 1000
05 - optima,Oye_P,Optima,Optima,Optima,NA,8421,8000,Optima,NA,aj.900 - 1000,e.800 - 1000
05 - optima,Oye_P,Optima,Optima,Optima,NA,7619,8000,Optima,NA,ak.1000 - 1100,f.1000 - 1500
05 - optima,Oye_P,Optima,Optima,Optima,NA,7826,9000,Optima,NA,al.1100 - 1200,f.1000 - 1500
05 - optima,Oye_P,Optima,Optima,Optima,NA,7200,9000,Optima,NA,am.1200 - 1300,f.1000 - 1500
05 - optima,Oye_P,Optima,Optima,Optima,NA,8889,12000,Optima,NA,an.1300 - 1400,f.1000 - 1500
05 - optima,Oye_P,Optima,Optima,Optima,NA,8276,12000,Optima,NA,ao.1400 - 1500,f.1000 - 1500
05 - optima,Oye_P,Optima,Optima,Optima,NA,6452,10000,Optima,NA,ap.1500 - 1600,g.1500 - 2000
05 - optima,Oye_P,Optima,Optima,Optima,NA,6061,10000,Optima,NA,aq.1600 - 1700,g.1500 - 2000
05 - optima,Oye_P,Optima,Optima,Optima,NA,6857,12000,Optima,NA,ar.1700 - 1800,g.1500 - 2000
05 - optima,Oye_P,Optima,Optima,Optima,NA,6486,12000,Optima,NA,as.1800 - 1900,g.1500 - 2000
05 - optima,Oye_P,Optima,Optima,Optima,NA,4103,8000,Optima,NA,at.1900 - 2000,g.1500 - 2000
05 - optima,Oye_P,Optima,Optima,Optima,NA,3721,8000,Optima,NA,au.2000 - 2100,h.2000 - 2500
05 - optima,Oye_P,Optima,Optima,Optima,NA,2222,5000,Optima,NA,av.2100 - 2200,h.2000 - 2500
05 - optima,Oye_P,Optima,Optima,Optima,NA,2128,5000,Optima,NA,aw.2200 - 2300,h.2000 - 2500
05 - optima,Oye_P,Optima,Optima,Optima,NA,2041,5000,Optima,NA,ax.2300 - 2400,h.2000 - 2500
05 - optima,Oye_P,Optima,Optima,Optima,NA,784,2000,Optima,NA,ay.2400 - 2500,h.2000 - 2500
05 - optima,Oye_P,Optima,Optima,Optima,NA,755,2000,Optima,NA,az.2500 - 2600,i.2500 - 3000
05 - optima,Oye_P,Optima,Optima,Optima,NA,1091,3000,Optima,NA,ba.2600 - 2700,i.2500 - 3000
05 - optima,Oye_P,Optima,Optima,Optima,NA,1053,3000,Optima,NA,bb.2700 - 2800,i.2500 - 3000
05 - optima,Oye_P,Optima,Optima,Optima,NA,1017,3000,Optima,NA,bc.2800 - 2900,i.2500 - 3000
05 - optima,Oye_P,Optima,Optima,Optima,NA,952,3000,Optima,NA,bd.2900 - 3000,i.2500 - 3000
05 - optima,Oye_P,Optima,Optima,Optima,NA,1231,4000,Optima,NA,be.3000 - 3100,j.3000
11 - optima,Oye_P,Optima,Optima,Optima,NA,80000,4000,Optima,NA,aa.0 - 100,a.0 - 300
11 - optima,Oye_P,Optima,Optima,Optima,NA,26667,4000,Optima,NA,ab.100 - 200,a.0 - 300
11 - optima,Oye_P,Optima,Optima,Optima,NA,20000,5000,Optima,NA,ac.200 - 300,a.0 - 300
11 - optima,Oye_P,Optima,Optima,Optima,NA,17143,6000,Optima,NA,ad.300 - 400,b.300 - 400
11 - optima,Oye_P,Optima,Optima,Optima,NA,13333,6000,Optima,NA,ae.400 - 500,c.400 - 600
11 - optima,Oye_P,Optima,Optima,Optima,NA,16364,9000,Optima,NA,af.500 - 600,c.400 - 600
11 - optima,Oye_P,Optima,Optima,Optima,NA,12308,8000,Optima,NA,ag.600 - 700,d.600 - 800
11 - optima,Oye_P,Optima,Optima,Optima,NA,12000,9000,Optima,NA,ah.700 - 800,d.600 - 800
11 - optima,Oye_P,Optima,Optima,Optima,NA,9412,8000,Optima,NA,ai.800 - 900,e.800 - 1000
11 - optima,Oye_P,Optima,Optima,Optima,NA,11579,11000,Optima,NA,aj.900 - 1000,e.800 - 1000
11 - optima,Oye_P,Optima,Optima,Optima,NA,10476,11000,Optima,NA,ak.1000 - 1100,f.1000 - 1500
11 - optima,Oye_P,Optima,Optima,Optima,NA,7826,9000,Optima,NA,al.1100 - 1200,f.1000 - 1500
11 - optima,Oye_P,Optima,Optima,Optima,NA,8000,10000,Optima,NA,am.1200 - 1300,f.1000 - 1500
11 - optima,Oye_P,Optima,Optima,Optima,NA,7407,10000,Optima,NA,an.1300 - 1400,f.1000 - 1500
11 - optima,Oye_P,Optima,Optima,Optima,NA,6897,10000,Optima,NA,ao.1400 - 1500,f.1000 - 1500
11 - optima,Oye_P,Optima,Optima,Optima,NA,7742,12000,Optima,NA,ap.1500 - 1600,g.1500 - 2000
11 - optima,Oye_P,Optima,Optima,Optima,NA,9697,16000,Optima,NA,aq.1600 - 1700,g.1500 - 2000
11 - optima,Oye_P,Optima,Optima,Optima,NA,6857,12000,Optima,NA,ar.1700 - 1800,g.1500 - 2000
11 - optima,Oye_P,Optima,Optima,Optima,NA,6486,12000,Optima,NA,as.1800 - 1900,g.1500 - 2000
11 - optima,Oye_P,Optima,Optima,Optima,NA,4103,8000,Optima,NA,at.1900 - 2000,g.1500 - 2000
11 - optima,Oye_P,Optima,Optima,Optima,NA,3721,8000,Optima,NA,au.2000 - 2100,h.2000 - 2500
11 - optima,Oye_P,Optima,Optima,Optima,NA,2222,5000,Optima,NA,av.2100 - 2200,h.2000 - 2500
11 - optima,Oye_P,Optima,Optima,Optima,NA,2128,5000,Optima,NA,aw.2200 - 2300,h.2000 - 2500
11 - optima,Oye_P,Optima,Optima,Optima,NA,2041,5000,Optima,NA,ax.2300 - 2400,h.2000 - 2500
11 - optima,Oye_P,Optima,Optima,Optima,NA,784,2000,Optima,NA,ay.2400 - 2500,h.2000 - 2500
11 - optima,Oye_P,Optima,Optima,Optima,NA,755,2000,Optima,NA,az.2500 - 2600,i.2500 - 3000
11 - optima,Oye_P,Optima,Optima,Optima,NA,1091,3000,Optima,NA,ba.2600 - 2700,i.2500 - 3000
11 - optima,Oye_P,Optima,Optima,Optima,NA,1053,3000,Optima,NA,bb.2700 - 2800,i.2500 - 3000
11 - optima,Oye_P,Optima,Optima,Optima,NA,1017,3000,Optima,NA,bc.2800 - 2900,i.2500 - 3000
11 - optima,Oye_P,Optima,Optima,Optima,NA,952,3000,Optima,NA,bd.2900 - 3000,i.2500 - 3000
11 - optima,Oye_P,Optima,Optima,Optima,NA,1846,6000,Optima,NA,be.3000 - 3100,j.3000
05 - optima,Mira,Optima,Optima,Optima,50,917030.5677,45851.52838,Optima,NA,aa.0 - 100,a.0 - 300
05 - optima,Mira,Optima,Optima,Optima,149.9998585,360019.7477,54002.91121,Optima,NA,ab.100 - 200,a.0 - 300
05 - optima,Mira,Optima,Optima,Optima,250,213973.7991,53493.44978,Optima,NA,ac.200 - 300,a.0 - 300
05 - optima,Mira,Optima,Optima,Optima,350.0005691,179039.0102,62663.75546,Optima,NA,ad.300 - 400,b.300 - 400
05 - optima,Mira,Optima,Optima,Optima,449.9996591,149442.1316,67248.9083,Optima,NA,ae.400 - 500,c.400 - 600
05 - optima,Mira,Optima,Optima,Optima,550.0003793,134312.4653,73871.90684,Optima,NA,af.500 - 600,c.400 - 600
05 - optima,Mira,Optima,Optima,Optima,650.001656,123054.2157,79985.44396,Optima,NA,ag.600 - 700,d.600 - 800
05 - optima,Mira,Optima,Optima,Optima,750.0010653,119553.4449,89665.21106,Optima,NA,ah.700 - 800,d.600 - 800
05 - optima,Mira,Optima,Optima,Optima,850.0043714,104888.5778,89155.74964,Optima,NA,ai.800 - 900,e.800 - 1000
05 - optima,Mira,Optima,Optima,Optima,950.0023234,98674.39286,93740.90247,Optima,NA,aj.900 - 1000,e.800 - 1000
05 - optima,Mira,Optima,Optima,Optima,1049.997289,103348.1562,108515.2838,Optima,NA,ak.1000 - 1100,f.1000 - 1500
05 - optima,Mira,Optima,Optima,Optima,1150.000867,88158.91082,101382.8239,Optima,NA,al.1100 - 1200,f.1000 - 1500
05 - optima,Mira,Optima,Optima,Optima,1250,74992.72198,93740.90247,Optima,NA,am.1200 - 1300,f.1000 - 1500
05 - optima,Mira,Optima,Optima,Optima,1349.997756,68116.99284,91957.78748,Optima,NA,an.1300 - 1400,f.1000 - 1500
05 - optima,Mira,Optima,Optima,Optima,1469.868652,63255.11481,92976.71033,Optima,NA,ao.1400 - 1500,f.1000 - 1500
05 - optima,Mira,Optima,Optima,Optima,1575.743844,48658.88893,76673.94469,Optima,NA,ap.1500 - 1600,g.1500 - 2000
05 - optima,Mira,Optima,Optima,Optima,1649.998096,40139.43144,66229.98544,Optima,NA,aq.1600 - 1700,g.1500 - 2000
05 - optima,Mira,Optima,Optima,Optima,1749.985232,34498.10772,60371.17904,Optima,NA,ar.1700 - 1800,g.1500 - 2000
05 - optima,Mira,Optima,Optima,Optima,1850.033151,27951.03145,51710.33479,Optima,NA,as.1800 - 1900,g.1500 - 2000
05 - optima,Mira,Optima,Optima,Optima,1949.979545,21293.09836,41521.10626,Optima,NA,at.1900 - 2000,g.1500 - 2000
05 - optima,Mira,Optima,Optima,Optima,2150.012542,17771.80655,38209.60699,Optima,NA,au.2000 - 2100,h.2000 - 2500
05 - optima,Mira,Optima,Optima,Optima,2249.989286,13698.91692,30822.4163,Optima,NA,av.2100 - 2200,h.2000 - 2500
05 - optima,Mira,Optima,Optima,Optima,2349.994471,10080.8562,23689.95633,Optima,NA,aw.2200 - 2300,h.2000 - 2500
05 - optima,Mira,Optima,Optima,Optima,2450.055001,5926.254982,14519.65066,Optima,NA,ax.2300 - 2400,h.2000 - 2500
05 - optima,Mira,Optima,Optima,Optima,2550.248132,4494.810506,11462.8821,Optima,NA,ay.2400 - 2500,h.2000 - 2500
05 - optima,Mira,Optima,Optima,Optima,2649.907561,4518.023081,11972.34352,Optima,NA,az.2500 - 2600,i.2500 - 3000
05 - optima,Mira,Optima,Optima,Optima,2749.945001,2686.304883,7387.190684,Optima,NA,ba.2600 - 2700,i.2500 - 3000
05 - optima,Mira,Optima,Optima,Optima,2849.842509,3754.133754,10698.68996,Optima,NA,bb.2700 - 2800,i.2500 - 3000
05 - optima,Mira,Optima,Optima,Optima,2949.9823,4662.895271,13755.45852,Optima,NA,bc.2800 - 2900,i.2500 - 3000
05 - optima,Mira,Optima,Optima,Optima,3150.145392,4528.337002,14264.91994,Optima,NA,bd.2900 - 3000,i.2500 - 3000
05 - optima,Mira,Optima,Optima,Optima,3249.756268,1567.691188,5094.614265,Optima,NA,be.3000 - 3100,j.3000
05 - optima,Mira,Optima,Optima,Optima,3350,2205.131548,7387.190684,Optima,NA,bf.3100 - 3200,j.3000
05 - optima,Mira,Optima,Optima,Optima,3450,2436.554648,8406.113537,Optima,NA,bg.3200 - 3300,j.3000
05 - optima,Mira,Optima,Optima,Optima,3550,3013.715481,10698.68996,Optima,NA,bh.3300 - 3400,j.3000
05 - optima,Mira,Optima,Optima,Optima,3650,5722.717393,20887.91849,Optima,NA,bi.3400 - 3500,j.3000
05 - optima,Mira,Optima,Optima,Optima,3750,6928.6754,25982.53275,Optima,NA,bj.3500 - 8000,j.3000
11 - optima,Mira,Optima,Optima,Optima,50,879776.848,43988.8424,Optima,NA,aa.0 - 100,a.0 - 300
11 - optima,Mira,Optima,Optima,Optima,149.9997681,342724.8441,51408.64714,Optima,NA,ab.100 - 200,a.0 - 300
11 - optima,Mira,Optima,Optima,Optima,250,224714.0865,56178.52162,Optima,NA,ac.200 - 300,a.0 - 300
11 - optima,Mira,Optima,Optima,Optima,350.0001422,186252.1658,65188.28452,Optima,NA,ad.300 - 400,b.300 - 400
11 - optima,Mira,Optima,Optima,Optima,450.0001642,161351.2506,72608.08926,Optima,NA,ae.400 - 500,c.400 - 600
11 - optima,Mira,Optima,Optima,Optima,550.0003643,145505.1654,80027.894,Optima,NA,af.500 - 600,c.400 - 600
11 - optima,Mira,Optima,Optima,Optima,649.9995925,130050.5053,84532.77545,Optima,NA,ag.600 - 700,d.600 - 800
11 - optima,Mira,Optima,Optima,Optima,750,126136.6806,94602.51046,Optima,NA,ah.700 - 800,d.600 - 800
11 - optima,Mira,Optima,Optima,Optima,850,109114.7756,92747.55927,Optima,NA,ai.800 - 900,e.800 - 1000
11 - optima,Mira,Optima,Optima,Optima,944.8105501,103213.7435,97517.43375,Optima,NA,aj.900 - 1000,e.800 - 1000
11 - optima,Mira,Optima,Optima,Optima,1033.84854,100476.2906,103877.2664,Optima,NA,ak.1000 - 1100,f.1000 - 1500
11 - optima,Mira,Optima,Optima,Optima,1143.815359,86646.32026,99107.39191,Optima,NA,al.1100 - 1200,f.1000 - 1500
11 - optima,Mira,Optima,Optima,Optima,1256.596306,80767.64882,101492.3291,Optima,NA,am.1200 - 1300,f.1000 - 1500
11 - optima,Mira,Optima,Optima,Optima,1308.197937,78493.31884,102684.7978,Optima,NA,an.1300 - 1400,f.1000 - 1500
11 - optima,Mira,Optima,Optima,Optima,1383.610747,66937.22419,92615.06276,Optima,NA,ao.1400 - 1500,f.1000 - 1500
11 - optima,Mira,Optima,Optima,Optima,1421.334453,71872.4657,102154.8117,Optima,NA,ap.1500 - 1600,g.1500 - 2000
11 - optima,Mira,Optima,Optima,Optima,1563.949641,64979.60228,101624.8257,Optima,NA,aq.1600 - 1700,g.1500 - 2000
11 - optima,Mira,Optima,Optima,Optima,1640.955508,51837.33568,85062.76151,Optima,NA,ar.1700 - 1800,g.1500 - 2000
11 - optima,Mira,Optima,Optima,Optima,1773.462341,43332.1734,76847.97768,Optima,NA,as.1800 - 1900,g.1500 - 2000
11 - optima,Mira,Optima,Optima,Optima,1871.983527,35389.33739,66248.25662,Optima,NA,at.1900 - 2000,g.1500 - 2000
11 - optima,Mira,Optima,Optima,Optima,1957.046264,21123.11441,41338.91213,Optima,NA,au.2000 - 2100,h.2000 - 2500
11 - optima,Mira,Optima,Optima,Optima,2028.730097,15935.65811,32329.14923,Optima,NA,av.2100 - 2200,h.2000 - 2500
11 - optima,Mira,Optima,Optima,Optima,2169.222426,12704.67907,27559.27476,Optima,NA,aw.2200 - 2300,h.2000 - 2500
11 - optima,Mira,Optima,Optima,Optima,2334.667429,9647.801213,22524.40725,Optima,NA,ax.2300 - 2400,h.2000 - 2500
11 - optima,Mira,Optima,Optima,Optima,2314.675922,7441.450684,17224.54672,Optima,NA,ay.2400 - 2500,h.2000 - 2500
11 - optima,Mira,Optima,Optima,Optima,2450.046227,5732.394046,14044.6304,Optima,NA,az.2500 - 2600,i.2500 - 3000
11 - optima,Mira,Optima,Optima,Optima,2633.062757,4730.108393,12454.67225,Optima,NA,ba.2600 - 2700,i.2500 - 3000
11 - optima,Mira,Optima,Optima,Optima,2707.168372,3915.427341,10599.72106,Optima,NA,bb.2700 - 2800,i.2500 - 3000
11 - optima,Mira,Optima,Optima,Optima,2790.495289,3513.620689,9804.74198,Optima,NA,bc.2800 - 2900,i.2500 - 3000
11 - optima,Mira,Optima,Optima,Optima,3150.171009,2944.207124,9274.755927,Optima,NA,bd.2900 - 3000,i.2500 - 3000
11 - optima,Mira,Optima,Optima,Optima,2913.994069,5274.408655,15369.59554,Optima,NA,be.3000 - 3100,j.3000
11 - optima,Mira,Optima,Optima,Optima,3350,3638.710215,12189.67922,Optima,NA,bf.3100 - 3200,j.3000
11 - optima,Mira,Optima,Optima,Optima,3450.000001,1075.33402,3709.902371,Optima,NA,bg.3200 - 3300,j.3000
11 - optima,Mira,Optima,Optima,Optima,3550,298.5836918,1059.972106,Optima,NA,bh.3300 - 3400,j.3000
11 - optima,Mira,Optima,Optima,Optima,0,0,0,Optima,NA,bi.3400 - 3500,j.3000
11 - optima,Mira,Optima,Optima,Optima,0,0,0,Optima,NA,bj.3500 - 8000,j.3000
05 - optima,SSF,Optima,Optima,Optima,NA,1800000,90000,Optima,NA,aa.0 - 100,a.0 - 300
05 - optima,SSF,Optima,Optima,Optima,NA,706667.3333,106000,Optima,NA,ab.100 - 200,a.0 - 300
05 - optima,SSF,Optima,Optima,Optima,NA,420000,105000,Optima,NA,ac.200 - 300,a.0 - 300
05 - optima,SSF,Optima,Optima,Optima,NA,351428,123000,Optima,NA,ad.300 - 400,b.300 - 400
05 - optima,SSF,Optima,Optima,Optima,NA,293333.5556,132000,Optima,NA,ae.400 - 500,c.400 - 600
05 - optima,SSF,Optima,Optima,Optima,NA,263636.1818,145000,Optima,NA,af.500 - 600,c.400 - 600
05 - optima,SSF,Optima,Optima,Optima,NA,241537.8462,157000,Optima,NA,ag.600 - 700,d.600 - 800
05 - optima,SSF,Optima,Optima,Optima,NA,234666.3334,176000,Optima,NA,ah.700 - 800,d.600 - 800
05 - optima,SSF,Optima,Optima,Optima,NA,205881.2941,175000,Optima,NA,ai.800 - 900,e.800 - 1000
05 - optima,SSF,Optima,Optima,Optima,NA,193683.7368,184000,Optima,NA,aj.900 - 1000,e.800 - 1000
05 - optima,SSF,Optima,Optima,Optima,NA,202857.6667,213000,Optima,NA,ak.1000 - 1100,f.1000 - 1500
05 - optima,SSF,Optima,Optima,Optima,NA,173043.3478,199000,Optima,NA,al.1100 - 1200,f.1000 - 1500
05 - optima,SSF,Optima,Optima,Optima,NA,147200,184000,Optima,NA,am.1200 - 1300,f.1000 - 1500
05 - optima,SSF,Optima,Optima,Optima,NA,133703.9259,180500,Optima,NA,an.1300 - 1400,f.1000 - 1500
05 - optima,SSF,Optima,Optima,Optima,NA,125861.5862,185000,Optima,NA,ao.1400 - 1500,f.1000 - 1500
05 - optima,SSF,Optima,Optima,Optima,NA,97097,153000,Optima,NA,ap.1500 - 1600,g.1500 - 2000
05 - optima,SSF,Optima,Optima,Optima,NA,78787.9697,130000,Optima,NA,aq.1600 - 1700,g.1500 - 2000
05 - optima,SSF,Optima,Optima,Optima,NA,67714.85714,118500,Optima,NA,ar.1700 - 1800,g.1500 - 2000
05 - optima,SSF,Optima,Optima,Optima,NA,46755.91892,86500,Optima,NA,as.1800 - 1900,g.1500 - 2000
05 - optima,SSF,Optima,Optima,Optima,NA,36667.05129,71500,Optima,NA,at.1900 - 2000,g.1500 - 2000
05 - optima,SSF,Optima,Optima,Optima,NA,27906.81395,60000,Optima,NA,au.2000 - 2100,h.2000 - 2500
05 - optima,SSF,Optima,Optima,Optima,NA,23333.44445,52500,Optima,NA,av.2100 - 2200,h.2000 - 2500
05 - optima,SSF,Optima,Optima,Optima,NA,18085.14894,42500,Optima,NA,aw.2200 - 2300,h.2000 - 2500
05 - optima,SSF,Optima,Optima,Optima,NA,9999.775511,24500,Optima,NA,ax.2300 - 2400,h.2000 - 2500
05 - optima,SSF,Optima,Optima,Optima,NA,7254.196079,18500,Optima,NA,ay.2400 - 2500,h.2000 - 2500
05 - optima,SSF,Optima,Optima,Optima,NA,8113.490567,21500,Optima,NA,az.2500 - 2600,i.2500 - 3000
05 - optima,SSF,Optima,Optima,Optima,NA,4545.545455,12500,Optima,NA,ba.2600 - 2700,i.2500 - 3000
05 - optima,SSF,Optima,Optima,Optima,NA,6667.035088,19000,Optima,NA,bb.2700 - 2800,i.2500 - 3000
05 - optima,SSF,Optima,Optima,Optima,NA,8474.627118,25000,Optima,NA,bc.2800 - 2900,i.2500 - 3000
05 - optima,SSF,Optima,Optima,Optima,NA,8253.587301,26000,Optima,NA,bd.2900 - 3000,i.2500 - 3000
05 - optima,SSF,Optima,Optima,Optima,NA,3077.153846,10000,Optima,NA,be.3000 - 3100,j.3000
05 - optima,SSF,Optima,Optima,Optima,NA,4328.358209,14500,Optima,NA,bf.3100 - 3200,j.3000
05 - optima,SSF,Optima,Optima,Optima,NA,4782.608695,16500,Optima,NA,bg.3200 - 3300,j.3000
05 - optima,SSF,Optima,Optima,Optima,NA,5915.492958,21000,Optima,NA,bh.3300 - 3400,j.3000
05 - optima,SSF,Optima,Optima,Optima,NA,11232.87671,41000,Optima,NA,bi.3400 - 3500,j.3000
05 - optima,SSF,Optima,Optima,Optima,NA,13600,51000,Optima,NA,bj.3500 - 8000,j.3000
11 - optima,SSF,Optima,Optima,Optima,NA,1660000,83000,Optima,NA,aa.0 - 100,a.0 - 300
11 - optima,SSF,Optima,Optima,Optima,NA,646667.6666,97000,Optima,NA,ab.100 - 200,a.0 - 300
11 - optima,SSF,Optima,Optima,Optima,NA,424000,106000,Optima,NA,ac.200 - 300,a.0 - 300
11 - optima,SSF,Optima,Optima,Optima,NA,351428.4286,123000,Optima,NA,ad.300 - 400,b.300 - 400
11 - optima,SSF,Optima,Optima,Optima,NA,304444.3333,137000,Optima,NA,ae.400 - 500,c.400 - 600
11 - optima,SSF,Optima,Optima,Optima,NA,274545.2727,151000,Optima,NA,af.500 - 600,c.400 - 600
11 - optima,SSF,Optima,Optima,Optima,NA,245384.7692,159500,Optima,NA,ag.600 - 700,d.600 - 800
11 - optima,SSF,Optima,Optima,Optima,NA,238000,178500,Optima,NA,ah.700 - 800,d.600 - 800
11 - optima,SSF,Optima,Optima,Optima,NA,205882.3529,175000,Optima,NA,ai.800 - 900,e.800 - 1000
11 - optima,SSF,Optima,Optima,Optima,NA,192631.2105,182000,Optima,NA,aj.900 - 1000,e.800 - 1000
11 - optima,SSF,Optima,Optima,Optima,NA,185713.8572,192000,Optima,NA,ak.1000 - 1100,f.1000 - 1500
11 - optima,SSF,Optima,Optima,Optima,NA,161739.3913,185000,Optima,NA,al.1100 - 1200,f.1000 - 1500
11 - optima,SSF,Optima,Optima,Optima,NA,151600,190500,Optima,NA,am.1200 - 1300,f.1000 - 1500
11 - optima,SSF,Optima,Optima,Optima,NA,143518.037,187750,Optima,NA,an.1300 - 1400,f.1000 - 1500
11 - optima,SSF,Optima,Optima,Optima,NA,120518,166750,Optima,NA,ao.1400 - 1500,f.1000 - 1500
11 - optima,SSF,Optima,Optima,Optima,NA,124354.9677,176750,Optima,NA,ap.1500 - 1600,g.1500 - 2000
11 - optima,SSF,Optima,Optima,Optima,NA,116212.1818,181750,Optima,NA,aq.1600 - 1700,g.1500 - 2000
11 - optima,SSF,Optima,Optima,Optima,NA,91714.85715,150500,Optima,NA,ar.1700 - 1800,g.1500 - 2000
11 - optima,SSF,Optima,Optima,Optima,NA,78377.75676,139000,Optima,NA,as.1800 - 1900,g.1500 - 2000
11 - optima,SSF,Optima,Optima,Optima,NA,64103.1282,120000,Optima,NA,at.1900 - 2000,g.1500 - 2000
11 - optima,SSF,Optima,Optima,Optima,NA,36279.16279,71000,Optima,NA,au.2000 - 2100,h.2000 - 2500
11 - optima,SSF,Optima,Optima,Optima,NA,27110.55556,55000,Optima,NA,av.2100 - 2200,h.2000 - 2500
11 - optima,SSF,Optima,Optima,Optima,NA,22127.74468,48000,Optima,NA,aw.2200 - 2300,h.2000 - 2500
11 - optima,SSF,Optima,Optima,Optima,NA,17347.22449,40500,Optima,NA,ax.2300 - 2400,h.2000 - 2500
11 - optima,SSF,Optima,Optima,Optima,NA,12744.76471,29500,Optima,NA,ay.2400 - 2500,h.2000 - 2500
11 - optima,SSF,Optima,Optima,Optima,NA,9999.81132,24500,Optima,NA,az.2500 - 2600,i.2500 - 3000
11 - optima,SSF,Optima,Optima,Optima,NA,8545.181819,22500,Optima,NA,ba.2600 - 2700,i.2500 - 3000
11 - optima,SSF,Optima,Optima,Optima,NA,7018.403509,19000,Optima,NA,bb.2700 - 2800,i.2500 - 3000
11 - optima,SSF,Optima,Optima,Optima,NA,6271.288136,17500,Optima,NA,bc.2800 - 2900,i.2500 - 3000
11 - optima,SSF,Optima,Optima,Optima,NA,5555.253969,17500,Optima,NA,bd.2900 - 3000,i.2500 - 3000
11 - optima,SSF,Optima,Optima,Optima,NA,8922.461538,26000,Optima,NA,be.3000 - 3100,j.3000
11 - optima,SSF,Optima,Optima,Optima,NA,5373.134328,18000,Optima,NA,bf.3100 - 3200,j.3000
11 - optima,SSF,Optima,Optima,Optima,NA,2028.985507,7000,Optima,NA,bg.3200 - 3300,j.3000
11 - optima,SSF,Optima,Optima,Optima,NA,563.3802817,2000,Optima,NA,bh.3300 - 3400,j.3000
05 - optima,SSF_Iberia,Optima,Optima,Optima,NA,3520000,176000,Optima,NA,aa.0 - 100,a.0 - 300
05 - optima,SSF_Iberia,Optima,Optima,Optima,NA,1373334.667,206000,Optima,NA,ab.100 - 200,a.0 - 300
05 - optima,SSF_Iberia,Optima,Optima,Optima,NA,812000,203000,Optima,NA,ac.200 - 300,a.0 - 300
05 - optima,SSF_Iberia,Optima,Optima,Optima,NA,677142,237000,Optima,NA,ad.300 - 400,b.300 - 400
05 - optima,SSF_Iberia,Optima,Optima,Optima,NA,566667.1111,255000,Optima,NA,ae.400 - 500,c.400 - 600
05 - optima,SSF_Iberia,Optima,Optima,Optima,NA,510908.3636,281000,Optima,NA,af.500 - 600,c.400 - 600
05 - optima,SSF_Iberia,Optima,Optima,Optima,NA,470767.6923,306000,Optima,NA,ag.600 - 700,d.600 - 800
05 - optima,SSF_Iberia,Optima,Optima,Optima,NA,458665.6667,344000,Optima,NA,ah.700 - 800,d.600 - 800
05 - optima,SSF_Iberia,Optima,Optima,Optima,NA,403527.5882,343000,Optima,NA,ai.800 - 900,e.800 - 1000
05 - optima,SSF_Iberia,Optima,Optima,Optima,NA,378946.4737,360000,Optima,NA,aj.900 - 1000,e.800 - 1000
05 - optima,SSF_Iberia,Optima,Optima,Optima,NA,398096.3333,418000,Optima,NA,ak.1000 - 1100,f.1000 - 1500
05 - optima,SSF_Iberia,Optima,Optima,Optima,NA,338260.6956,389000,Optima,NA,al.1100 - 1200,f.1000 - 1500
05 - optima,SSF_Iberia,Optima,Optima,Optima,NA,287200,359000,Optima,NA,am.1200 - 1300,f.1000 - 1500
05 - optima,SSF_Iberia,Optima,Optima,Optima,NA,258518.8519,349000,Optima,NA,an.1300 - 1400,f.1000 - 1500
05 - optima,SSF_Iberia,Optima,Optima,Optima,NA,243447.1724,358000,Optima,NA,ao.1400 - 1500,f.1000 - 1500
05 - optima,SSF_Iberia,Optima,Optima,Optima,NA,187742,296000,Optima,NA,ap.1500 - 1600,g.1500 - 2000
05 - optima,SSF_Iberia,Optima,Optima,Optima,NA,151514.9394,250000,Optima,NA,aq.1600 - 1700,g.1500 - 2000
05 - optima,SSF_Iberia,Optima,Optima,Optima,NA,128572.7143,225000,Optima,NA,ar.1700 - 1800,g.1500 - 2000
05 - optima,SSF_Iberia,Optima,Optima,Optima,NA,87025.83783,161000,Optima,NA,as.1800 - 1900,g.1500 - 2000
05 - optima,SSF_Iberia,Optima,Optima,Optima,NA,69231.10257,135000,Optima,NA,at.1900 - 2000,g.1500 - 2000
05 - optima,SSF_Iberia,Optima,Optima,Optima,NA,52092.62791,112000,Optima,NA,au.2000 - 2100,h.2000 - 2500
05 - optima,SSF_Iberia,Optima,Optima,Optima,NA,44444.88889,1.00E+05,Optima,NA,av.2100 - 2200,h.2000 - 2500
05 - optima,SSF_Iberia,Optima,Optima,Optima,NA,34042.29787,80000,Optima,NA,aw.2200 - 2300,h.2000 - 2500
05 - optima,SSF_Iberia,Optima,Optima,Optima,NA,17958.55102,44000,Optima,NA,ax.2300 - 2400,h.2000 - 2500
05 - optima,SSF_Iberia,Optima,Optima,Optima,NA,13724.39216,35000,Optima,NA,ay.2400 - 2500,h.2000 - 2500
05 - optima,SSF_Iberia,Optima,Optima,Optima,NA,15471.98113,41000,Optima,NA,az.2500 - 2600,i.2500 - 3000
05 - optima,SSF_Iberia,Optima,Optima,Optima,NA,8000.090909,22000,Optima,NA,ba.2600 - 2700,i.2500 - 3000
05 - optima,SSF_Iberia,Optima,Optima,Optima,NA,12281.07018,35000,Optima,NA,bb.2700 - 2800,i.2500 - 3000
05 - optima,SSF_Iberia,Optima,Optima,Optima,NA,15932.25424,47000,Optima,NA,bc.2800 - 2900,i.2500 - 3000
05 - optima,SSF_Iberia,Optima,Optima,Optima,NA,15555.1746,49000,Optima,NA,bd.2900 - 3000,i.2500 - 3000
05 - optima,SSF_Iberia,Optima,Optima,Optima,NA,4923.307692,16000,Optima,NA,be.3000 - 3100,j.3000
05 - optima,SSF_Iberia,Optima,Optima,Optima,NA,8656.716417,29000,Optima,NA,bf.3100 - 3200,j.3000
05 - optima,SSF_Iberia,Optima,Optima,Optima,NA,9565.21739,33000,Optima,NA,bg.3200 - 3300,j.3000
05 - optima,SSF_Iberia,Optima,Optima,Optima,NA,11830.98592,42000,Optima,NA,bh.3300 - 3400,j.3000
05 - optima,SSF_Iberia,Optima,Optima,Optima,NA,22465.75342,82000,Optima,NA,bi.3400 - 3500,j.3000
05 - optima,SSF_Iberia,Optima,Optima,Optima,NA,27200,102000,Optima,NA,bj.3500 - 8000,j.3000
11 - optima,SSF_Iberia,Optima,Optima,Optima,NA,3240000,162000,Optima,NA,aa.0 - 100,a.0 - 300
11 - optima,SSF_Iberia,Optima,Optima,Optima,NA,1266668.333,190000,Optima,NA,ab.100 - 200,a.0 - 300
11 - optima,SSF_Iberia,Optima,Optima,Optima,NA,828000,207000,Optima,NA,ac.200 - 300,a.0 - 300
11 - optima,SSF_Iberia,Optima,Optima,Optima,NA,685713.8572,240000,Optima,NA,ad.300 - 400,b.300 - 400
11 - optima,SSF_Iberia,Optima,Optima,Optima,NA,595555.6667,268000,Optima,NA,ae.400 - 500,c.400 - 600
11 - optima,SSF_Iberia,Optima,Optima,Optima,NA,532726.5454,293000,Optima,NA,af.500 - 600,c.400 - 600
11 - optima,SSF_Iberia,Optima,Optima,Optima,NA,478461.5384,311000,Optima,NA,ag.600 - 700,d.600 - 800
11 - optima,SSF_Iberia,Optima,Optima,Optima,NA,464000,348000,Optima,NA,ah.700 - 800,d.600 - 800
11 - optima,SSF_Iberia,Optima,Optima,Optima,NA,402352.7059,342000,Optima,NA,ai.800 - 900,e.800 - 1000
11 - optima,SSF_Iberia,Optima,Optima,Optima,NA,373683.4211,353000,Optima,NA,aj.900 - 1000,e.800 - 1000
11 - optima,SSF_Iberia,Optima,Optima,Optima,NA,360951.7143,373000,Optima,NA,ak.1000 - 1100,f.1000 - 1500
11 - optima,SSF_Iberia,Optima,Optima,Optima,NA,315652.7826,361000,Optima,NA,al.1100 - 1200,f.1000 - 1500
11 - optima,SSF_Iberia,Optima,Optima,Optima,NA,295200,371000,Optima,NA,am.1200 - 1300,f.1000 - 1500
11 - optima,SSF_Iberia,Optima,Optima,Optima,NA,279629.0741,365500,Optima,NA,an.1300 - 1400,f.1000 - 1500
11 - optima,SSF_Iberia,Optima,Optima,Optima,NA,234139,323500,Optima,NA,ao.1400 - 1500,f.1000 - 1500
11 - optima,SSF_Iberia,Optima,Optima,Optima,NA,240967.9355,341500,Optima,NA,ap.1500 - 1600,g.1500 - 2000
11 - optima,SSF_Iberia,Optima,Optima,Optima,NA,222727.3636,347500,Optima,NA,aq.1600 - 1700,g.1500 - 2000
11 - optima,SSF_Iberia,Optima,Optima,Optima,NA,176572.7143,289000,Optima,NA,ar.1700 - 1800,g.1500 - 2000
11 - optima,SSF_Iberia,Optima,Optima,Optima,NA,150269.5135,266000,Optima,NA,as.1800 - 1900,g.1500 - 2000
11 - optima,SSF_Iberia,Optima,Optima,Optima,NA,124103.2564,232000,Optima,NA,at.1900 - 2000,g.1500 - 2000
11 - optima,SSF_Iberia,Optima,Optima,Optima,NA,68837.32558,134000,Optima,NA,au.2000 - 2100,h.2000 - 2500
11 - optima,SSF_Iberia,Optima,Optima,Optima,NA,51999.11111,105000,Optima,NA,av.2100 - 2200,h.2000 - 2500
11 - optima,SSF_Iberia,Optima,Optima,Optima,NA,42127.48936,91000,Optima,NA,aw.2200 - 2300,h.2000 - 2500
11 - optima,SSF_Iberia,Optima,Optima,Optima,NA,32653.44898,76000,Optima,NA,ax.2300 - 2400,h.2000 - 2500
11 - optima,SSF_Iberia,Optima,Optima,Optima,NA,24705.52941,57000,Optima,NA,ay.2400 - 2500,h.2000 - 2500
11 - optima,SSF_Iberia,Optima,Optima,Optima,NA,19244.62264,47000,Optima,NA,az.2500 - 2600,i.2500 - 3000
11 - optima,SSF_Iberia,Optima,Optima,Optima,NA,15999.36364,42000,Optima,NA,ba.2600 - 2700,i.2500 - 3000
11 - optima,SSF_Iberia,Optima,Optima,Optima,NA,12983.80702,35000,Optima,NA,bb.2700 - 2800,i.2500 - 3000
11 - optima,SSF_Iberia,Optima,Optima,Optima,NA,11525.57627,32000,Optima,NA,bc.2800 - 2900,i.2500 - 3000
11 - optima,SSF_Iberia,Optima,Optima,Optima,NA,10158.50794,32000,Optima,NA,bd.2900 - 3000,i.2500 - 3000
11 - optima,SSF_Iberia,Optima,Optima,Optima,NA,15998.92308,46000,Optima,NA,be.3000 - 3100,j.3000
11 - optima,SSF_Iberia,Optima,Optima,Optima,NA,10746.26866,36000,Optima,NA,bf.3100 - 3200,j.3000
11 - optima,SSF_Iberia,Optima,Optima,Optima,NA,4057.971014,14000,Optima,NA,bg.3200 - 3300,j.3000
11 - optima,SSF_Iberia,Optima,Optima,Optima,NA,1126.760563,4000,Optima,NA,bh.3300 - 3400,j.3000
